NUTS3,CODE,Cluster
LU000,3734,29LU
LU000,5655,29LU
LU000,5670,29LU
LU000,1019,29LU
LU000,1111,29LU
LU000,1112,29LU
LU000,1113,29LU
LU000,1114,29LU
LU000,1115,29LU
LU000,1116,29LU
LU000,1117,29LU
LU000,1118,29LU
LU000,1119,29LU
LU000,1120,29LU
LU000,1121,29LU
LU000,1122,29LU
LU000,1123,29LU
LU000,1124,29LU
LU000,1125,29LU
LU000,1126,29LU
LU000,1127,29LU
LU000,1128,29LU
LU000,1129,29LU
LU000,1130,29LU
LU000,1131,29LU
LU000,1132,29LU
LU000,1133,29LU
LU000,1134,29LU
LU000,1135,29LU
LU000,1136,29LU
LU000,1137,29LU
LU000,1138,29LU
LU000,1139,29LU
LU000,1140,29LU
LU000,1141,29LU
LU000,1142,29LU
LU000,1143,29LU
LU000,1144,29LU
LU000,1145,29LU
LU000,1146,29LU
LU000,1147,29LU
LU000,1148,29LU
LU000,1149,29LU
LU000,1150,29LU
LU000,1151,29LU
LU000,1152,29LU
LU000,1159,29LU
LU000,1160,29LU
LU000,1161,29LU
LU000,1208,29LU
LU000,1209,29LU
LU000,1210,29LU
LU000,1211,29LU
LU000,1212,29LU
LU000,1213,29LU
LU000,1214,29LU
LU000,1215,29LU
LU000,1216,29LU
LU000,1217,29LU
LU000,1218,29LU
LU000,1219,29LU
LU000,1220,29LU
LU000,1221,29LU
LU000,1222,29LU
LU000,1223,29LU
LU000,1224,29LU
LU000,1225,29LU
LU000,1226,29LU
LU000,1227,29LU
LU000,1228,29LU
LU000,1229,29LU
LU000,1230,29LU
LU000,1231,29LU
LU000,1232,29LU
LU000,1233,29LU
LU000,1234,29LU
LU000,1235,29LU
LU000,1236,29LU
LU000,1237,29LU
LU000,1238,29LU
LU000,1239,29LU
LU000,1240,29LU
LU000,1241,29LU
LU000,1242,29LU
LU000,1243,29LU
LU000,1244,29LU
LU000,1245,29LU
LU000,1246,29LU
LU000,1247,29LU
LU000,1248,29LU
LU000,1249,29LU
LU000,1250,29LU
LU000,1251,29LU
LU000,1252,29LU
LU000,1253,29LU
LU000,1254,29LU
LU000,1255,29LU
LU000,1256,29LU
LU000,1257,29LU
LU000,1258,29LU
LU000,1259,29LU
LU000,1260,29LU
LU000,1261,29LU
LU000,1262,29LU
LU000,1263,29LU
LU000,1264,29LU
LU000,1265,29LU
LU000,1266,29LU
LU000,1267,29LU
LU000,1268,29LU
LU000,1269,29LU
LU000,1270,29LU
LU000,1271,29LU
LU000,1272,29LU
LU000,1273,29LU
LU000,1274,29LU
LU000,1275,29LU
LU000,1276,29LU
LU000,1277,29LU
LU000,1278,29LU
LU000,1279,29LU
LU000,1280,29LU
LU000,1281,29LU
LU000,1282,29LU
LU000,1283,29LU
LU000,1309,29LU
LU000,1310,29LU
LU000,1311,29LU
LU000,1312,29LU
LU000,1313,29LU
LU000,1314,29LU
LU000,1316,29LU
LU000,1317,29LU
LU000,1318,29LU
LU000,1319,29LU
LU000,1320,29LU
LU000,1321,29LU
LU000,1322,29LU
LU000,1323,29LU
LU000,1324,29LU
LU000,1325,29LU
LU000,1326,29LU
LU000,1327,29LU
LU000,1328,29LU
LU000,1329,29LU
LU000,1330,29LU
LU000,1331,29LU
LU000,1332,29LU
LU000,1333,29LU
LU000,1334,29LU
LU000,1335,29LU
LU000,1336,29LU
LU000,1337,29LU
LU000,1338,29LU
LU000,1340,29LU
LU000,1341,29LU
LU000,1342,29LU
LU000,1343,29LU
LU000,1344,29LU
LU000,1345,29LU
LU000,1346,29LU
LU000,1347,29LU
LU000,1348,29LU
LU000,1349,29LU
LU000,1350,29LU
LU000,1351,29LU
LU000,1352,29LU
LU000,1353,29LU
LU000,1354,29LU
LU000,1355,29LU
LU000,1356,29LU
LU000,1357,29LU
LU000,1358,29LU
LU000,1359,29LU
LU000,1361,29LU
LU000,1362,29LU
LU000,1363,29LU
LU000,1364,29LU
LU000,1365,29LU
LU000,1366,29LU
LU000,1367,29LU
LU000,1368,29LU
LU000,1369,29LU
LU000,1370,29LU
LU000,1371,29LU
LU000,1372,29LU
LU000,1374,29LU
LU000,1375,29LU
LU000,1409,29LU
LU000,1411,29LU
LU000,1412,29LU
LU000,1413,29LU
LU000,1414,29LU
LU000,1415,29LU
LU000,1416,29LU
LU000,1417,29LU
LU000,1418,29LU
LU000,1419,29LU
LU000,1420,29LU
LU000,1421,29LU
LU000,1423,29LU
LU000,1424,29LU
LU000,1425,29LU
LU000,1426,29LU
LU000,1427,29LU
LU000,1428,29LU
LU000,1429,29LU
LU000,1430,29LU
LU000,1431,29LU
LU000,1432,29LU
LU000,1433,29LU
LU000,1434,29LU
LU000,1445,29LU
LU000,1448,29LU
LU000,1449,29LU
LU000,1450,29LU
LU000,1451,29LU
LU000,1452,29LU
LU000,1453,29LU
LU000,1454,29LU
LU000,1455,29LU
LU000,1456,29LU
LU000,1457,29LU
LU000,1458,29LU
LU000,1459,29LU
LU000,1460,29LU
LU000,1461,29LU
LU000,1462,29LU
LU000,1463,29LU
LU000,1464,29LU
LU000,1465,29LU
LU000,1466,29LU
LU000,1467,29LU
LU000,1468,29LU
LU000,1469,29LU
LU000,1470,29LU
LU000,1471,29LU
LU000,1472,29LU
LU000,1473,29LU
LU000,1474,29LU
LU000,1475,29LU
LU000,1476,29LU
LU000,1477,29LU
LU000,1478,29LU
LU000,1479,29LU
LU000,1480,29LU
LU000,1481,29LU
LU000,1482,29LU
LU000,1483,29LU
LU000,1484,29LU
LU000,1490,29LU
LU000,1499,29LU
LU000,1508,29LU
LU000,1509,29LU
LU000,1510,29LU
LU000,1511,29LU
LU000,1512,29LU
LU000,1513,29LU
LU000,1514,29LU
LU000,1515,29LU
LU000,1517,29LU
LU000,1518,29LU
LU000,1519,29LU
LU000,1520,29LU
LU000,1521,29LU
LU000,1522,29LU
LU000,1523,29LU
LU000,1524,29LU
LU000,1525,29LU
LU000,1526,29LU
LU000,1527,29LU
LU000,1528,29LU
LU000,1529,29LU
LU000,1530,29LU
LU000,1531,29LU
LU000,1532,29LU
LU000,1533,29LU
LU000,1534,29LU
LU000,1535,29LU
LU000,1536,29LU
LU000,1537,29LU
LU000,1539,29LU
LU000,1540,29LU
LU000,1541,29LU
LU000,1542,29LU
LU000,1543,29LU
LU000,1544,29LU
LU000,1545,29LU
LU000,1546,29LU
LU000,1547,29LU
LU000,1548,29LU
LU000,1549,29LU
LU000,1550,29LU
LU000,1610,29LU
LU000,1611,29LU
LU000,1613,29LU
LU000,1615,29LU
LU000,1616,29LU
LU000,1617,29LU
LU000,1618,29LU
LU000,1619,29LU
LU000,1620,29LU
LU000,1621,29LU
LU000,1622,29LU
LU000,1623,29LU
LU000,1624,29LU
LU000,1625,29LU
LU000,1626,29LU
LU000,1627,29LU
LU000,1628,29LU
LU000,1629,29LU
LU000,1630,29LU
LU000,1631,29LU
LU000,1632,29LU
LU000,1633,29LU
LU000,1634,29LU
LU000,1635,29LU
LU000,1636,29LU
LU000,1637,29LU
LU000,1638,29LU
LU000,1639,29LU
LU000,1640,29LU
LU000,1641,29LU
LU000,1642,29LU
LU000,1643,29LU
LU000,1644,29LU
LU000,1645,29LU
LU000,1646,29LU
LU000,1647,29LU
LU000,1648,29LU
LU000,1649,29LU
LU000,1650,29LU
LU000,1651,29LU
LU000,1653,29LU
LU000,1654,29LU
LU000,1655,29LU
LU000,1660,29LU
LU000,1661,29LU
LU000,1670,29LU
LU000,1709,29LU
LU000,1710,29LU
LU000,1711,29LU
LU000,1712,29LU
LU000,1713,29LU
LU000,1714,29LU
LU000,1716,29LU
LU000,1717,29LU
LU000,1718,29LU
LU000,1719,29LU
LU000,1720,29LU
LU000,1721,29LU
LU000,1722,29LU
LU000,1723,29LU
LU000,1724,29LU
LU000,1725,29LU
LU000,1726,29LU
LU000,1727,29LU
LU000,1728,29LU
LU000,1729,29LU
LU000,1730,29LU
LU000,1731,29LU
LU000,1732,29LU
LU000,1733,29LU
LU000,1734,29LU
LU000,1735,29LU
LU000,1736,29LU
LU000,1737,29LU
LU000,1738,29LU
LU000,1739,29LU
LU000,1740,29LU
LU000,1741,29LU
LU000,1742,29LU
LU000,1743,29LU
LU000,1744,29LU
LU000,1745,29LU
LU000,1746,29LU
LU000,1747,29LU
LU000,1748,29LU
LU000,1749,29LU
LU000,1750,29LU
LU000,1751,29LU
LU000,1811,29LU
LU000,1812,29LU
LU000,1813,29LU
LU000,1814,29LU
LU000,1815,29LU
LU000,1816,29LU
LU000,1817,29LU
LU000,1818,29LU
LU000,1820,29LU
LU000,1821,29LU
LU000,1831,29LU
LU000,1832,29LU
LU000,1833,29LU
LU000,1834,29LU
LU000,1835,29LU
LU000,1836,29LU
LU000,1837,29LU
LU000,1838,29LU
LU000,1839,29LU
LU000,1840,29LU
LU000,1841,29LU
LU000,1842,29LU
LU000,1845,29LU
LU000,1850,29LU
LU000,1851,29LU
LU000,1852,29LU
LU000,1853,29LU
LU000,1854,29LU
LU000,1855,29LU
LU000,1856,29LU
LU000,1857,29LU
LU000,1858,29LU
LU000,1859,29LU
LU000,1860,29LU
LU000,1861,29LU
LU000,1862,29LU
LU000,1863,29LU
LU000,1864,29LU
LU000,1865,29LU
LU000,1866,29LU
LU000,1867,29LU
LU000,1868,29LU
LU000,1870,29LU
LU000,1871,29LU
LU000,1872,29LU
LU000,1873,29LU
LU000,1880,29LU
LU000,1881,29LU
LU000,1882,29LU
LU000,1896,29LU
LU000,1898,29LU
LU000,1899,29LU
LU000,1910,29LU
LU000,1911,29LU
LU000,1912,29LU
LU000,1913,29LU
LU000,1914,29LU
LU000,1915,29LU
LU000,1916,29LU
LU000,1917,29LU
LU000,1918,29LU
LU000,1919,29LU
LU000,1920,29LU
LU000,1922,29LU
LU000,1923,29LU
LU000,1924,29LU
LU000,1925,29LU
LU000,1926,29LU
LU000,1927,29LU
LU000,1928,29LU
LU000,1929,29LU
LU000,1930,29LU
LU000,1931,29LU
LU000,1932,29LU
LU000,1933,29LU
LU000,1934,29LU
LU000,1935,29LU
LU000,1937,29LU
LU000,1938,29LU
LU000,1939,29LU
LU000,1940,29LU
LU000,1941,29LU
LU000,1943,29LU
LU000,1944,29LU
LU000,1945,29LU
LU000,1946,29LU
LU000,1947,29LU
LU000,1948,29LU
LU000,1949,29LU
LU000,1950,29LU
LU000,1951,29LU
LU000,1952,29LU
LU000,1953,29LU
LU000,1954,29LU
LU000,2111,29LU
LU000,2112,29LU
LU000,2113,29LU
LU000,2114,29LU
LU000,2115,29LU
LU000,2116,29LU
LU000,2117,29LU
LU000,2118,29LU
LU000,2119,29LU
LU000,2120,29LU
LU000,2121,29LU
LU000,2122,29LU
LU000,2123,29LU
LU000,2124,29LU
LU000,2125,29LU
LU000,2127,29LU
LU000,2128,29LU
LU000,2129,29LU
LU000,2130,29LU
LU000,2131,29LU
LU000,2132,29LU
LU000,2133,29LU
LU000,2134,29LU
LU000,2135,29LU
LU000,2137,29LU
LU000,2138,29LU
LU000,2139,29LU
LU000,2140,29LU
LU000,2141,29LU
LU000,2142,29LU
LU000,2143,29LU
LU000,2144,29LU
LU000,2145,29LU
LU000,2146,29LU
LU000,2148,29LU
LU000,2149,29LU
LU000,2150,29LU
LU000,2151,29LU
LU000,2152,29LU
LU000,2153,29LU
LU000,2154,29LU
LU000,2155,29LU
LU000,2156,29LU
LU000,2157,29LU
LU000,2158,29LU
LU000,2159,29LU
LU000,2160,29LU
LU000,2161,29LU
LU000,2162,29LU
LU000,2163,29LU
LU000,2164,29LU
LU000,2165,29LU
LU000,2166,29LU
LU000,2167,29LU
LU000,2168,29LU
LU000,2169,29LU
LU000,2170,29LU
LU000,2171,29LU
LU000,2172,29LU
LU000,2173,29LU
LU000,2174,29LU
LU000,2175,29LU
LU000,2176,29LU
LU000,2177,29LU
LU000,2178,29LU
LU000,2179,29LU
LU000,2180,29LU
LU000,2181,29LU
LU000,2182,29LU
LU000,2184,29LU
LU000,2210,29LU
LU000,2211,29LU
LU000,2212,29LU
LU000,2213,29LU
LU000,2214,29LU
LU000,2215,29LU
LU000,2220,29LU
LU000,2221,29LU
LU000,2222,29LU
LU000,2223,29LU
LU000,2224,29LU
LU000,2225,29LU
LU000,2226,29LU
LU000,2227,29LU
LU000,2228,29LU
LU000,2229,29LU
LU000,2230,29LU
LU000,2231,29LU
LU000,2232,29LU
LU000,2233,29LU
LU000,2240,29LU
LU000,2241,29LU
LU000,2242,29LU
LU000,2243,29LU
LU000,2261,29LU
LU000,2262,29LU
LU000,2263,29LU
LU000,2265,29LU
LU000,2266,29LU
LU000,2267,29LU
LU000,2268,29LU
LU000,2269,29LU
LU000,2270,29LU
LU000,2271,29LU
LU000,2272,29LU
LU000,2273,29LU
LU000,2308,29LU
LU000,2309,29LU
LU000,2310,29LU
LU000,2311,29LU
LU000,2312,29LU
LU000,2313,29LU
LU000,2314,29LU
LU000,2316,29LU
LU000,2317,29LU
LU000,2319,29LU
LU000,2320,29LU
LU000,2322,29LU
LU000,2323,29LU
LU000,2324,29LU
LU000,2326,29LU
LU000,2327,29LU
LU000,2328,29LU
LU000,2330,29LU
LU000,2331,29LU
LU000,2332,29LU
LU000,2333,29LU
LU000,2334,29LU
LU000,2335,29LU
LU000,2336,29LU
LU000,2337,29LU
LU000,2338,29LU
LU000,2339,29LU
LU000,2340,29LU
LU000,2341,29LU
LU000,2342,29LU
LU000,2343,29LU
LU000,2344,29LU
LU000,2345,29LU
LU000,2346,29LU
LU000,2347,29LU
LU000,2348,29LU
LU000,2349,29LU
LU000,2350,29LU
LU000,2351,29LU
LU000,2352,29LU
LU000,2353,29LU
LU000,2354,29LU
LU000,2355,29LU
LU000,2356,29LU
LU000,2357,29LU
LU000,2358,29LU
LU000,2359,29LU
LU000,2360,29LU
LU000,2361,29LU
LU000,2370,29LU
LU000,2380,29LU
LU000,2381,29LU
LU000,2409,29LU
LU000,2410,29LU
LU000,2411,29LU
LU000,2412,29LU
LU000,2413,29LU
LU000,2414,29LU
LU000,2416,29LU
LU000,2417,29LU
LU000,2418,29LU
LU000,2419,29LU
LU000,2420,29LU
LU000,2422,29LU
LU000,2423,29LU
LU000,2424,29LU
LU000,2425,29LU
LU000,2426,29LU
LU000,2427,29LU
LU000,2428,29LU
LU000,2429,29LU
LU000,2430,29LU
LU000,2431,29LU
LU000,2432,29LU
LU000,2433,29LU
LU000,2434,29LU
LU000,2435,29LU
LU000,2440,29LU
LU000,2441,29LU
LU000,2442,29LU
LU000,2443,29LU
LU000,2444,29LU
LU000,2445,29LU
LU000,2446,29LU
LU000,2448,29LU
LU000,2449,29LU
LU000,2450,29LU
LU000,2451,29LU
LU000,2452,29LU
LU000,2453,29LU
LU000,2510,29LU
LU000,2511,29LU
LU000,2512,29LU
LU000,2513,29LU
LU000,2514,29LU
LU000,2515,29LU
LU000,2516,29LU
LU000,2517,29LU
LU000,2518,29LU
LU000,2519,29LU
LU000,2520,29LU
LU000,2521,29LU
LU000,2522,29LU
LU000,2523,29LU
LU000,2524,29LU
LU000,2525,29LU
LU000,2526,29LU
LU000,2527,29LU
LU000,2528,29LU
LU000,2529,29LU
LU000,2530,29LU
LU000,2531,29LU
LU000,2533,29LU
LU000,2534,29LU
LU000,2535,29LU
LU000,2536,29LU
LU000,2537,29LU
LU000,2538,29LU
LU000,2539,29LU
LU000,2540,29LU
LU000,2541,29LU
LU000,2542,29LU
LU000,2543,29LU
LU000,2544,29LU
LU000,2545,29LU
LU000,2546,29LU
LU000,2547,29LU
LU000,2548,29LU
LU000,2549,29LU
LU000,2550,29LU
LU000,2551,29LU
LU000,2552,29LU
LU000,2553,29LU
LU000,2554,29LU
LU000,2555,29LU
LU000,2556,29LU
LU000,2557,29LU
LU000,2558,29LU
LU000,2559,29LU
LU000,2560,29LU
LU000,2561,29LU
LU000,2562,29LU
LU000,2563,29LU
LU000,2564,29LU
LU000,2565,29LU
LU000,2566,29LU
LU000,2567,29LU
LU000,2609,29LU
LU000,2610,29LU
LU000,2611,29LU
LU000,2612,29LU
LU000,2613,29LU
LU000,2614,29LU
LU000,2615,29LU
LU000,2616,29LU
LU000,2617,29LU
LU000,2619,29LU
LU000,2620,29LU
LU000,2621,29LU
LU000,2622,29LU
LU000,2623,29LU
LU000,2624,29LU
LU000,2625,29LU
LU000,2626,29LU
LU000,2627,29LU
LU000,2628,29LU
LU000,2629,29LU
LU000,2630,29LU
LU000,2631,29LU
LU000,2632,29LU
LU000,2633,29LU
LU000,2634,29LU
LU000,2635,29LU
LU000,2636,29LU
LU000,2637,29LU
LU000,2651,29LU
LU000,2652,29LU
LU000,2661,29LU
LU000,2662,29LU
LU000,2663,29LU
LU000,2664,29LU
LU000,2665,29LU
LU000,2666,29LU
LU000,2667,29LU
LU000,2668,29LU
LU000,2670,29LU
LU000,2671,29LU
LU000,2672,29LU
LU000,2674,29LU
LU000,2680,29LU
LU000,2711,29LU
LU000,2713,29LU
LU000,2714,29LU
LU000,2715,29LU
LU000,2716,29LU
LU000,2717,29LU
LU000,2718,29LU
LU000,2719,29LU
LU000,2720,29LU
LU000,2721,29LU
LU000,2722,29LU
LU000,2723,29LU
LU000,2724,29LU
LU000,2725,29LU
LU000,2726,29LU
LU000,2727,29LU
LU000,2728,29LU
LU000,2729,29LU
LU000,2730,29LU
LU000,2731,29LU
LU000,2732,29LU
LU000,2733,29LU
LU000,2734,29LU
LU000,2736,29LU
LU000,2737,29LU
LU000,2738,29LU
LU000,2739,29LU
LU000,2740,29LU
LU000,2741,29LU
LU000,2761,29LU
LU000,2762,29LU
LU000,2763,29LU
LU000,2764,29LU
LU000,3209,29LU
LU000,3210,29LU
LU000,3211,29LU
LU000,3212,29LU
LU000,3213,29LU
LU000,3214,29LU
LU000,3215,29LU
LU000,3216,29LU
LU000,3217,29LU
LU000,3218,29LU
LU000,3219,29LU
LU000,3220,29LU
LU000,3221,29LU
LU000,3222,29LU
LU000,3223,29LU
LU000,3224,29LU
LU000,3225,29LU
LU000,3229,29LU
LU000,3230,29LU
LU000,3231,29LU
LU000,3232,29LU
LU000,3233,29LU
LU000,3234,29LU
LU000,3235,29LU
LU000,3236,29LU
LU000,3237,29LU
LU000,3238,29LU
LU000,3239,29LU
LU000,3240,29LU
LU000,3241,29LU
LU000,3242,29LU
LU000,3243,29LU
LU000,3249,29LU
LU000,3250,29LU
LU000,3251,29LU
LU000,3252,29LU
LU000,3253,29LU
LU000,3254,29LU
LU000,3255,29LU
LU000,3256,29LU
LU000,3257,29LU
LU000,3258,29LU
LU000,3259,29LU
LU000,3260,29LU
LU000,3261,29LU
LU000,3265,29LU
LU000,3266,29LU
LU000,3267,29LU
LU000,3269,29LU
LU000,3270,29LU
LU000,3271,29LU
LU000,3272,29LU
LU000,3273,29LU
LU000,3274,29LU
LU000,3275,29LU
LU000,3276,29LU
LU000,3277,29LU
LU000,3278,29LU
LU000,3279,29LU
LU000,3280,29LU
LU000,3281,29LU
LU000,3282,29LU
LU000,3283,29LU
LU000,3284,29LU
LU000,3285,29LU
LU000,3286,29LU
LU000,3287,29LU
LU000,3288,29LU
LU000,3290,29LU
LU000,3311,29LU
LU000,3313,29LU
LU000,3314,29LU
LU000,3315,29LU
LU000,3316,29LU
LU000,3317,29LU
LU000,3318,29LU
LU000,3320,29LU
LU000,3321,29LU
LU000,3322,29LU
LU000,3323,29LU
LU000,3324,29LU
LU000,3326,29LU
LU000,3327,29LU
LU000,3328,29LU
LU000,3329,29LU
LU000,3330,29LU
LU000,3332,29LU
LU000,3333,29LU
LU000,3334,29LU
LU000,3335,29LU
LU000,3336,29LU
LU000,3337,29LU
LU000,3340,29LU
LU000,3341,29LU
LU000,3345,29LU
LU000,3346,29LU
LU000,3347,29LU
LU000,3348,29LU
LU000,3349,29LU
LU000,3350,29LU
LU000,3351,29LU
LU000,3352,29LU
LU000,3353,29LU
LU000,3354,29LU
LU000,3355,29LU
LU000,3356,29LU
LU000,3357,29LU
LU000,3358,29LU
LU000,3360,29LU
LU000,3361,29LU
LU000,3362,29LU
LU000,3363,29LU
LU000,3364,29LU
LU000,3365,29LU
LU000,3366,29LU
LU000,3367,29LU
LU000,3368,29LU
LU000,3369,29LU
LU000,3370,29LU
LU000,3371,29LU
LU000,3372,29LU
LU000,3373,29LU
LU000,3374,29LU
LU000,3375,29LU
LU000,3376,29LU
LU000,3377,29LU
LU000,3378,29LU
LU000,3380,29LU
LU000,3381,29LU
LU000,3382,29LU
LU000,3383,29LU
LU000,3384,29LU
LU000,3385,29LU
LU000,3386,29LU
LU000,3389,29LU
LU000,3390,29LU
LU000,3391,29LU
LU000,3392,29LU
LU000,3393,29LU
LU000,3394,29LU
LU000,3395,29LU
LU000,3396,29LU
LU000,3397,29LU
LU000,3398,29LU
LU000,3409,29LU
LU000,3410,29LU
LU000,3411,29LU
LU000,3412,29LU
LU000,3413,29LU
LU000,3414,29LU
LU000,3415,29LU
LU000,3416,29LU
LU000,3417,29LU
LU000,3418,29LU
LU000,3419,29LU
LU000,3420,29LU
LU000,3421,29LU
LU000,3422,29LU
LU000,3423,29LU
LU000,3424,29LU
LU000,3425,29LU
LU000,3426,29LU
LU000,3427,29LU
LU000,3428,29LU
LU000,3429,29LU
LU000,3430,29LU
LU000,3431,29LU
LU000,3432,29LU
LU000,3433,29LU
LU000,3435,29LU
LU000,3436,29LU
LU000,3439,29LU
LU000,3440,29LU
LU000,3441,29LU
LU000,3442,29LU
LU000,3443,29LU
LU000,3444,29LU
LU000,3445,29LU
LU000,3446,29LU
LU000,3447,29LU
LU000,3448,29LU
LU000,3449,29LU
LU000,3450,29LU
LU000,3453,29LU
LU000,3454,29LU
LU000,3460,29LU
LU000,3461,29LU
LU000,3462,29LU
LU000,3463,29LU
LU000,3464,29LU
LU000,3465,29LU
LU000,3466,29LU
LU000,3467,29LU
LU000,3468,29LU
LU000,3469,29LU
LU000,3470,29LU
LU000,3471,29LU
LU000,3472,29LU
LU000,3473,29LU
LU000,3474,29LU
LU000,3475,29LU
LU000,3476,29LU
LU000,3480,29LU
LU000,3481,29LU
LU000,3482,29LU
LU000,3483,29LU
LU000,3484,29LU
LU000,3485,29LU
LU000,3486,29LU
LU000,3487,29LU
LU000,3488,29LU
LU000,3489,29LU
LU000,3490,29LU
LU000,3491,29LU
LU000,3492,29LU
LU000,3493,29LU
LU000,3501,29LU
LU000,3502,29LU
LU000,3503,29LU
LU000,3504,29LU
LU000,3505,29LU
LU000,3506,29LU
LU000,3507,29LU
LU000,3508,29LU
LU000,3509,29LU
LU000,3510,29LU
LU000,3511,29LU
LU000,3512,29LU
LU000,3513,29LU
LU000,3514,29LU
LU000,3515,29LU
LU000,3516,29LU
LU000,3517,29LU
LU000,3520,29LU
LU000,3521,29LU
LU000,3522,29LU
LU000,3523,29LU
LU000,3524,29LU
LU000,3525,29LU
LU000,3526,29LU
LU000,3529,29LU
LU000,3530,29LU
LU000,3531,29LU
LU000,3532,29LU
LU000,3539,29LU
LU000,3540,29LU
LU000,3541,29LU
LU000,3542,29LU
LU000,3543,29LU
LU000,3544,29LU
LU000,3545,29LU
LU000,3546,29LU
LU000,3547,29LU
LU000,3548,29LU
LU000,3549,29LU
LU000,3550,29LU
LU000,3552,29LU
LU000,3553,29LU
LU000,3554,29LU
LU000,3555,29LU
LU000,3560,29LU
LU000,3561,29LU
LU000,3562,29LU
LU000,3563,29LU
LU000,3564,29LU
LU000,3565,29LU
LU000,3566,29LU
LU000,3567,29LU
LU000,3568,29LU
LU000,3569,29LU
LU000,3570,29LU
LU000,3572,29LU
LU000,3573,29LU
LU000,3574,29LU
LU000,3575,29LU
LU000,3576,29LU
LU000,3582,29LU
LU000,3583,29LU
LU000,3584,29LU
LU000,3588,29LU
LU000,3589,29LU
LU000,3590,29LU
LU000,3591,29LU
LU000,3592,29LU
LU000,3593,29LU
LU000,3594,29LU
LU000,3595,29LU
LU000,3596,29LU
LU000,3597,29LU
LU000,3598,29LU
LU000,3611,29LU
LU000,3612,29LU
LU000,3614,29LU
LU000,3615,29LU
LU000,3616,29LU
LU000,3617,29LU
LU000,3620,29LU
LU000,3621,29LU
LU000,3622,29LU
LU000,3630,29LU
LU000,3631,29LU
LU000,3635,29LU
LU000,3636,29LU
LU000,3637,29LU
LU000,3638,29LU
LU000,3640,29LU
LU000,3641,29LU
LU000,3642,29LU
LU000,3643,29LU
LU000,3644,29LU
LU000,3650,29LU
LU000,3651,29LU
LU000,3652,29LU
LU000,3653,29LU
LU000,3654,29LU
LU000,3655,29LU
LU000,3656,29LU
LU000,3657,29LU
LU000,3658,29LU
LU000,3660,29LU
LU000,3670,29LU
LU000,3671,29LU
LU000,3672,29LU
LU000,3673,29LU
LU000,3674,29LU
LU000,3675,29LU
LU000,3676,29LU
LU000,3677,29LU
LU000,3678,29LU
LU000,3679,29LU
LU000,3680,29LU
LU000,3681,29LU
LU000,3682,29LU
LU000,3710,29LU
LU000,3711,29LU
LU000,3712,29LU
LU000,3713,29LU
LU000,3714,29LU
LU000,3715,29LU
LU000,3716,29LU
LU000,3717,29LU
LU000,3718,29LU
LU000,3719,29LU
LU000,3720,29LU
LU000,3721,29LU
LU000,3722,29LU
LU000,3723,29LU
LU000,3724,29LU
LU000,3725,29LU
LU000,3726,29LU
LU000,3727,29LU
LU000,3728,29LU
LU000,3729,29LU
LU000,3730,29LU
LU000,3733,29LU
LU000,3735,29LU
LU000,3736,29LU
LU000,3737,29LU
LU000,3738,29LU
LU000,3739,29LU
LU000,3740,29LU
LU000,3741,29LU
LU000,3742,29LU
LU000,3743,29LU
LU000,3744,29LU
LU000,3750,29LU
LU000,3751,29LU
LU000,3752,29LU
LU000,3753,29LU
LU000,3754,29LU
LU000,3755,29LU
LU000,3761,29LU
LU000,3762,29LU
LU000,3763,29LU
LU000,3764,29LU
LU000,3765,29LU
LU000,3766,29LU
LU000,3767,29LU
LU000,3768,29LU
LU000,3770,29LU
LU000,3771,29LU
LU000,3772,29LU
LU000,3773,29LU
LU000,3774,29LU
LU000,3775,29LU
LU000,3776,29LU
LU000,3780,29LU
LU000,3781,29LU
LU000,3782,29LU
LU000,3784,29LU
LU000,3786,29LU
LU000,3787,29LU
LU000,3788,29LU
LU000,3789,29LU
LU000,3790,29LU
LU000,3810,29LU
LU000,3811,29LU
LU000,3812,29LU
LU000,3813,29LU
LU000,3814,29LU
LU000,3815,29LU
LU000,3816,29LU
LU000,3817,29LU
LU000,3818,29LU
LU000,3819,29LU
LU000,3820,29LU
LU000,3821,29LU
LU000,3822,29LU
LU000,3823,29LU
LU000,3824,29LU
LU000,3825,29LU
LU000,3826,29LU
LU000,3830,29LU
LU000,3831,29LU
LU000,3832,29LU
LU000,3833,29LU
LU000,3834,29LU
LU000,3835,29LU
LU000,3836,29LU
LU000,3837,29LU
LU000,3838,29LU
LU000,3839,29LU
LU000,3840,29LU
LU000,3841,29LU
LU000,3842,29LU
LU000,3843,29LU
LU000,3850,29LU
LU000,3851,29LU
LU000,3852,29LU
LU000,3853,29LU
LU000,3854,29LU
LU000,3855,29LU
LU000,3856,29LU
LU000,3857,29LU
LU000,3858,29LU
LU000,3859,29LU
LU000,3860,29LU
LU000,3861,29LU
LU000,3862,29LU
LU000,3863,29LU
LU000,3864,29LU
LU000,3870,29LU
LU000,3871,29LU
LU000,3872,29LU
LU000,3873,29LU
LU000,3874,29LU
LU000,3875,29LU
LU000,3876,29LU
LU000,3877,29LU
LU000,3878,29LU
LU000,3879,29LU
LU000,3880,29LU
LU000,3881,29LU
LU000,3882,29LU
LU000,3883,29LU
LU000,3884,29LU
LU000,3895,29LU
LU000,3896,29LU
LU000,3897,29LU
LU000,3898,29LU
LU000,3899,29LU
LU000,3909,29LU
LU000,3910,29LU
LU000,3911,29LU
LU000,3912,29LU
LU000,3913,29LU
LU000,3914,29LU
LU000,3915,29LU
LU000,3916,29LU
LU000,3917,29LU
LU000,3918,29LU
LU000,3919,29LU
LU000,3920,29LU
LU000,3921,29LU
LU000,3922,29LU
LU000,3924,29LU
LU000,3925,29LU
LU000,3926,29LU
LU000,3927,29LU
LU000,3928,29LU
LU000,3929,29LU
LU000,3930,29LU
LU000,3931,29LU
LU000,3932,29LU
LU000,3933,29LU
LU000,3934,29LU
LU000,3935,29LU
LU000,3936,29LU
LU000,3937,29LU
LU000,3938,29LU
LU000,3939,29LU
LU000,3940,29LU
LU000,3941,29LU
LU000,3943,29LU
LU000,3944,29LU
LU000,3945,29LU
LU000,3960,29LU
LU000,3961,29LU
LU000,3980,29LU
LU000,3985,29LU
LU000,4010,29LU
LU000,4011,29LU
LU000,4012,29LU
LU000,4013,29LU
LU000,4014,29LU
LU000,4015,29LU
LU000,4016,29LU
LU000,4017,29LU
LU000,4018,29LU
LU000,4019,29LU
LU000,4020,29LU
LU000,4021,29LU
LU000,4022,29LU
LU000,4023,29LU
LU000,4024,29LU
LU000,4025,29LU
LU000,4026,29LU
LU000,4027,29LU
LU000,4028,29LU
LU000,4029,29LU
LU000,4030,29LU
LU000,4031,29LU
LU000,4032,29LU
LU000,4033,29LU
LU000,4034,29LU
LU000,4035,29LU
LU000,4036,29LU
LU000,4037,29LU
LU000,4038,29LU
LU000,4039,29LU
LU000,4040,29LU
LU000,4041,29LU
LU000,4042,29LU
LU000,4044,29LU
LU000,4045,29LU
LU000,4046,29LU
LU000,4047,29LU
LU000,4048,29LU
LU000,4049,29LU
LU000,4050,29LU
LU000,4051,29LU
LU000,4052,29LU
LU000,4053,29LU
LU000,4054,29LU
LU000,4055,29LU
LU000,4056,29LU
LU000,4057,29LU
LU000,4058,29LU
LU000,4059,29LU
LU000,4060,29LU
LU000,4061,29LU
LU000,4062,29LU
LU000,4063,29LU
LU000,4064,29LU
LU000,4065,29LU
LU000,4066,29LU
LU000,4067,29LU
LU000,4068,29LU
LU000,4069,29LU
LU000,4070,29LU
LU000,4071,29LU
LU000,4072,29LU
LU000,4074,29LU
LU000,4080,29LU
LU000,4081,29LU
LU000,4082,29LU
LU000,4083,29LU
LU000,4084,29LU
LU000,4085,29LU
LU000,4086,29LU
LU000,4101,29LU
LU000,4102,29LU
LU000,4103,29LU
LU000,4105,29LU
LU000,4106,29LU
LU000,4107,29LU
LU000,4108,29LU
LU000,4109,29LU
LU000,4110,29LU
LU000,4111,29LU
LU000,4112,29LU
LU000,4113,29LU
LU000,4115,29LU
LU000,4118,29LU
LU000,4119,29LU
LU000,4120,29LU
LU000,4121,29LU
LU000,4122,29LU
LU000,4123,29LU
LU000,4125,29LU
LU000,4130,29LU
LU000,4131,29LU
LU000,4132,29LU
LU000,4133,29LU
LU000,4134,29LU
LU000,4135,29LU
LU000,4136,29LU
LU000,4137,29LU
LU000,4138,29LU
LU000,4139,29LU
LU000,4140,29LU
LU000,4141,29LU
LU000,4143,29LU
LU000,4149,29LU
LU000,4150,29LU
LU000,4151,29LU
LU000,4152,29LU
LU000,4153,29LU
LU000,4154,29LU
LU000,4155,29LU
LU000,4156,29LU
LU000,4164,29LU
LU000,4165,29LU
LU000,4166,29LU
LU000,4167,29LU
LU000,4168,29LU
LU000,4169,29LU
LU000,4170,29LU
LU000,4171,29LU
LU000,4172,29LU
LU000,4173,29LU
LU000,4174,29LU
LU000,4175,29LU
LU000,4176,29LU
LU000,4177,29LU
LU000,4178,29LU
LU000,4179,29LU
LU000,4180,29LU
LU000,4201,29LU
LU000,4202,29LU
LU000,4203,29LU
LU000,4204,29LU
LU000,4205,29LU
LU000,4206,29LU
LU000,4207,29LU
LU000,4208,29LU
LU000,4209,29LU
LU000,4210,29LU
LU000,4211,29LU
LU000,4213,29LU
LU000,4214,29LU
LU000,4216,29LU
LU000,4217,29LU
LU000,4220,29LU
LU000,4221,29LU
LU000,4222,29LU
LU000,4230,29LU
LU000,4231,29LU
LU000,4232,29LU
LU000,4233,29LU
LU000,4234,29LU
LU000,4235,29LU
LU000,4236,29LU
LU000,4237,29LU
LU000,4238,29LU
LU000,4239,29LU
LU000,4240,29LU
LU000,4241,29LU
LU000,4242,29LU
LU000,4243,29LU
LU000,4244,29LU
LU000,4245,29LU
LU000,4246,29LU
LU000,4247,29LU
LU000,4248,29LU
LU000,4249,29LU
LU000,4250,29LU
LU000,4251,29LU
LU000,4252,29LU
LU000,4253,29LU
LU000,4254,29LU
LU000,4260,29LU
LU000,4261,29LU
LU000,4263,29LU
LU000,4264,29LU
LU000,4265,29LU
LU000,4266,29LU
LU000,4267,29LU
LU000,4268,29LU
LU000,4270,29LU
LU000,4271,29LU
LU000,4275,29LU
LU000,4276,29LU
LU000,4277,29LU
LU000,4278,29LU
LU000,4279,29LU
LU000,4280,29LU
LU000,4281,29LU
LU000,4282,29LU
LU000,4283,29LU
LU000,4289,29LU
LU000,4301,29LU
LU000,4302,29LU
LU000,4303,29LU
LU000,4304,29LU
LU000,4305,29LU
LU000,4306,29LU
LU000,4307,29LU
LU000,4308,29LU
LU000,4309,29LU
LU000,4310,29LU
LU000,4314,29LU
LU000,4315,29LU
LU000,4316,29LU
LU000,4317,29LU
LU000,4318,29LU
LU000,4319,29LU
LU000,4320,29LU
LU000,4321,29LU
LU000,4322,29LU
LU000,4323,29LU
LU000,4324,29LU
LU000,4325,29LU
LU000,4326,29LU
LU000,4328,29LU
LU000,4330,29LU
LU000,4331,29LU
LU000,4332,29LU
LU000,4333,29LU
LU000,4334,29LU
LU000,4335,29LU
LU000,4336,29LU
LU000,4337,29LU
LU000,4340,29LU
LU000,4341,29LU
LU000,4342,29LU
LU000,4343,29LU
LU000,4344,29LU
LU000,4345,29LU
LU000,4346,29LU
LU000,4347,29LU
LU000,4348,29LU
LU000,4349,29LU
LU000,4350,29LU
LU000,4351,29LU
LU000,4352,29LU
LU000,4353,29LU
LU000,4354,29LU
LU000,4355,29LU
LU000,4360,29LU
LU000,4361,29LU
LU000,4362,29LU
LU000,4363,29LU
LU000,4364,29LU
LU000,4365,29LU
LU000,4366,29LU
LU000,4367,29LU
LU000,4368,29LU
LU000,4369,29LU
LU000,4370,29LU
LU000,4371,29LU
LU000,4374,29LU
LU000,4380,29LU
LU000,4381,29LU
LU000,4382,29LU
LU000,4383,29LU
LU000,4384,29LU
LU000,4385,29LU
LU000,4390,29LU
LU000,4391,29LU
LU000,4392,29LU
LU000,4393,29LU
LU000,4394,29LU
LU000,4395,29LU
LU000,4396,29LU
LU000,4397,29LU
LU000,4398,29LU
LU000,4405,29LU
LU000,4406,29LU
LU000,4407,29LU
LU000,4408,29LU
LU000,4409,29LU
LU000,4410,29LU
LU000,4411,29LU
LU000,4412,29LU
LU000,4415,29LU
LU000,4416,29LU
LU000,4417,29LU
LU000,4418,29LU
LU000,4419,29LU
LU000,4420,29LU
LU000,4421,29LU
LU000,4422,29LU
LU000,4423,29LU
LU000,4429,29LU
LU000,4430,29LU
LU000,4431,29LU
LU000,4432,29LU
LU000,4433,29LU
LU000,4434,29LU
LU000,4435,29LU
LU000,4436,29LU
LU000,4437,29LU
LU000,4438,29LU
LU000,4439,29LU
LU000,4440,29LU
LU000,4441,29LU
LU000,4442,29LU
LU000,4443,29LU
LU000,4444,29LU
LU000,4445,29LU
LU000,4446,29LU
LU000,4447,29LU
LU000,4448,29LU
LU000,4449,29LU
LU000,4450,29LU
LU000,4451,29LU
LU000,4459,29LU
LU000,4460,29LU
LU000,4461,29LU
LU000,4462,29LU
LU000,4463,29LU
LU000,4464,29LU
LU000,4465,29LU
LU000,4466,29LU
LU000,4467,29LU
LU000,4468,29LU
LU000,4469,29LU
LU000,4470,29LU
LU000,4471,29LU
LU000,4474,29LU
LU000,4475,29LU
LU000,4476,29LU
LU000,4477,29LU
LU000,4478,29LU
LU000,4479,29LU
LU000,4480,29LU
LU000,4481,29LU
LU000,4482,29LU
LU000,4483,29LU
LU000,4484,29LU
LU000,4485,29LU
LU000,4486,29LU
LU000,4487,29LU
LU000,4488,29LU
LU000,4489,29LU
LU000,4490,29LU
LU000,4491,29LU
LU000,4492,29LU
LU000,4493,29LU
LU000,4494,29LU
LU000,4498,29LU
LU000,4499,29LU
LU000,4505,29LU
LU000,4506,29LU
LU000,4507,29LU
LU000,4508,29LU
LU000,4509,29LU
LU000,4510,29LU
LU000,4511,29LU
LU000,4512,29LU
LU000,4513,29LU
LU000,4514,29LU
LU000,4515,29LU
LU000,4516,29LU
LU000,4517,29LU
LU000,4518,29LU
LU000,4519,29LU
LU000,4520,29LU
LU000,4521,29LU
LU000,4522,29LU
LU000,4523,29LU
LU000,4524,29LU
LU000,4525,29LU
LU000,4526,29LU
LU000,4527,29LU
LU000,4528,29LU
LU000,4529,29LU
LU000,4530,29LU
LU000,4531,29LU
LU000,4532,29LU
LU000,4533,29LU
LU000,4534,29LU
LU000,4535,29LU
LU000,4536,29LU
LU000,4537,29LU
LU000,4538,29LU
LU000,4539,29LU
LU000,4540,29LU
LU000,4542,29LU
LU000,4543,29LU
LU000,4544,29LU
LU000,4545,29LU
LU000,4546,29LU
LU000,4547,29LU
LU000,4548,29LU
LU000,4549,29LU
LU000,4550,29LU
LU000,4551,29LU
LU000,4552,29LU
LU000,4553,29LU
LU000,4554,29LU
LU000,4555,29LU
LU000,4556,29LU
LU000,4557,29LU
LU000,4558,29LU
LU000,4559,29LU
LU000,4560,29LU
LU000,4561,29LU
LU000,4563,29LU
LU000,4564,29LU
LU000,4565,29LU
LU000,4569,29LU
LU000,4570,29LU
LU000,4571,29LU
LU000,4573,29LU
LU000,4574,29LU
LU000,4575,29LU
LU000,4577,29LU
LU000,4579,29LU
LU000,4580,29LU
LU000,4581,29LU
LU000,4582,29LU
LU000,4583,29LU
LU000,4590,29LU
LU000,4591,29LU
LU000,4592,29LU
LU000,4593,29LU
LU000,4594,29LU
LU000,4595,29LU
LU000,4596,29LU
LU000,4597,29LU
LU000,4598,29LU
LU000,4599,29LU
LU000,4601,29LU
LU000,4602,29LU
LU000,4603,29LU
LU000,4604,29LU
LU000,4605,29LU
LU000,4606,29LU
LU000,4607,29LU
LU000,4608,29LU
LU000,4609,29LU
LU000,4610,29LU
LU000,4611,29LU
LU000,4612,29LU
LU000,4613,29LU
LU000,4620,29LU
LU000,4621,29LU
LU000,4622,29LU
LU000,4623,29LU
LU000,4624,29LU
LU000,4625,29LU
LU000,4626,29LU
LU000,4627,29LU
LU000,4628,29LU
LU000,4629,29LU
LU000,4630,29LU
LU000,4631,29LU
LU000,4632,29LU
LU000,4633,29LU
LU000,4634,29LU
LU000,4635,29LU
LU000,4636,29LU
LU000,4638,29LU
LU000,4639,29LU
LU000,4640,29LU
LU000,4641,29LU
LU000,4642,29LU
LU000,4643,29LU
LU000,4644,29LU
LU000,4645,29LU
LU000,4646,29LU
LU000,4647,29LU
LU000,4648,29LU
LU000,4649,29LU
LU000,4650,29LU
LU000,4651,29LU
LU000,4654,29LU
LU000,4656,29LU
LU000,4657,29LU
LU000,4658,29LU
LU000,4660,29LU
LU000,4661,29LU
LU000,4662,29LU
LU000,4663,29LU
LU000,4664,29LU
LU000,4665,29LU
LU000,4666,29LU
LU000,4667,29LU
LU000,4668,29LU
LU000,4669,29LU
LU000,4670,29LU
LU000,4671,29LU
LU000,4676,29LU
LU000,4677,29LU
LU000,4678,29LU
LU000,4679,29LU
LU000,4680,29LU
LU000,4681,29LU
LU000,4682,29LU
LU000,4683,29LU
LU000,4684,29LU
LU000,4685,29LU
LU000,4686,29LU
LU000,4687,29LU
LU000,4688,29LU
LU000,4689,29LU
LU000,4690,29LU
LU000,4691,29LU
LU000,4692,29LU
LU000,4693,29LU
LU000,4696,29LU
LU000,4697,29LU
LU000,4698,29LU
LU000,4702,29LU
LU000,4707,29LU
LU000,4708,29LU
LU000,4709,29LU
LU000,4710,29LU
LU000,4711,29LU
LU000,4712,29LU
LU000,4713,29LU
LU000,4714,29LU
LU000,4715,29LU
LU000,4716,29LU
LU000,4717,29LU
LU000,4718,29LU
LU000,4719,29LU
LU000,4720,29LU
LU000,4721,29LU
LU000,4722,29LU
LU000,4730,29LU
LU000,4731,29LU
LU000,4732,29LU
LU000,4733,29LU
LU000,4734,29LU
LU000,4735,29LU
LU000,4736,29LU
LU000,4737,29LU
LU000,4738,29LU
LU000,4739,29LU
LU000,4740,29LU
LU000,4741,29LU
LU000,4742,29LU
LU000,4743,29LU
LU000,4744,29LU
LU000,4745,29LU
LU000,4750,29LU
LU000,4751,29LU
LU000,4752,29LU
LU000,4753,29LU
LU000,4754,29LU
LU000,4755,29LU
LU000,4756,29LU
LU000,4757,29LU
LU000,4758,29LU
LU000,4759,29LU
LU000,4760,29LU
LU000,4761,29LU
LU000,4762,29LU
LU000,4763,29LU
LU000,4770,29LU
LU000,4771,29LU
LU000,4772,29LU
LU000,4773,29LU
LU000,4774,29LU
LU000,4775,29LU
LU000,4776,29LU
LU000,4777,29LU
LU000,4778,29LU
LU000,4779,29LU
LU000,4780,29LU
LU000,4781,29LU
LU000,4782,29LU
LU000,4783,29LU
LU000,4784,29LU
LU000,4785,29LU
LU000,4786,29LU
LU000,4795,29LU
LU000,4796,29LU
LU000,4797,29LU
LU000,4798,29LU
LU000,4804,29LU
LU000,4805,29LU
LU000,4806,29LU
LU000,4807,29LU
LU000,4808,29LU
LU000,4809,29LU
LU000,4810,29LU
LU000,4811,29LU
LU000,4812,29LU
LU000,4813,29LU
LU000,4814,29LU
LU000,4815,29LU
LU000,4818,29LU
LU000,4819,29LU
LU000,4820,29LU
LU000,4822,29LU
LU000,4823,29LU
LU000,4824,29LU
LU000,4825,29LU
LU000,4826,29LU
LU000,4829,29LU
LU000,4830,29LU
LU000,4831,29LU
LU000,4832,29LU
LU000,4833,29LU
LU000,4837,29LU
LU000,4838,29LU
LU000,4839,29LU
LU000,4840,29LU
LU000,4842,29LU
LU000,4843,29LU
LU000,4844,29LU
LU000,4845,29LU
LU000,4846,29LU
LU000,4847,29LU
LU000,4849,29LU
LU000,4850,29LU
LU000,4853,29LU
LU000,4870,29LU
LU000,4871,29LU
LU000,4872,29LU
LU000,4873,29LU
LU000,4874,29LU
LU000,4875,29LU
LU000,4876,29LU
LU000,4877,29LU
LU000,4878,29LU
LU000,4879,29LU
LU000,4880,29LU
LU000,4881,29LU
LU000,4882,29LU
LU000,4883,29LU
LU000,4884,29LU
LU000,4885,29LU
LU000,4886,29LU
LU000,4887,29LU
LU000,4888,29LU
LU000,4889,29LU
LU000,4890,29LU
LU000,4891,29LU
LU000,4892,29LU
LU000,4893,29LU
LU000,4894,29LU
LU000,4895,29LU
LU000,4907,29LU
LU000,4908,29LU
LU000,4909,29LU
LU000,4910,29LU
LU000,4911,29LU
LU000,4912,29LU
LU000,4913,29LU
LU000,4914,29LU
LU000,4915,29LU
LU000,4916,29LU
LU000,4917,29LU
LU000,4918,29LU
LU000,4919,29LU
LU000,4920,29LU
LU000,4921,29LU
LU000,4922,29LU
LU000,4923,29LU
LU000,4924,29LU
LU000,4925,29LU
LU000,4926,29LU
LU000,4927,29LU
LU000,4928,29LU
LU000,4929,29LU
LU000,4930,29LU
LU000,4931,29LU
LU000,4932,29LU
LU000,4933,29LU
LU000,4934,29LU
LU000,4935,29LU
LU000,4936,29LU
LU000,4937,29LU
LU000,4938,29LU
LU000,4939,29LU
LU000,4940,29LU
LU000,4941,29LU
LU000,4942,29LU
LU000,4943,29LU
LU000,4944,29LU
LU000,4945,29LU
LU000,4946,29LU
LU000,4947,29LU
LU000,4948,29LU
LU000,4949,29LU
LU000,4950,29LU
LU000,4951,29LU
LU000,4952,29LU
LU000,4953,29LU
LU000,4954,29LU
LU000,4955,29LU
LU000,4956,29LU
LU000,4958,29LU
LU000,4959,29LU
LU000,4960,29LU
LU000,4961,29LU
LU000,4962,29LU
LU000,4963,29LU
LU000,4964,29LU
LU000,4965,29LU
LU000,4966,29LU
LU000,4967,29LU
LU000,4968,29LU
LU000,4969,29LU
LU000,4970,29LU
LU000,4971,29LU
LU000,4972,29LU
LU000,4973,29LU
LU000,4974,29LU
LU000,4975,29LU
LU000,4976,29LU
LU000,4977,29LU
LU000,4978,29LU
LU000,4979,29LU
LU000,4980,29LU
LU000,4981,29LU
LU000,4982,29LU
LU000,4985,29LU
LU000,4986,29LU
LU000,4987,29LU
LU000,4988,29LU
LU000,4989,29LU
LU000,4990,29LU
LU000,4991,29LU
LU000,4992,29LU
LU000,4993,29LU
LU000,4994,29LU
LU000,4995,29LU
LU000,4996,29LU
LU000,4997,29LU
LU000,4998,29LU
LU000,4999,29LU
LU000,5211,29LU
LU000,5212,29LU
LU000,5213,29LU
LU000,5214,29LU
LU000,5215,29LU
LU000,5216,29LU
LU000,5217,29LU
LU000,5218,29LU
LU000,5219,29LU
LU000,5220,29LU
LU000,5221,29LU
LU000,5222,29LU
LU000,5230,29LU
LU000,5231,29LU
LU000,5232,29LU
LU000,5233,29LU
LU000,5234,29LU
LU000,5236,29LU
LU000,5237,29LU
LU000,5238,29LU
LU000,5239,29LU
LU000,5240,29LU
LU000,5241,29LU
LU000,5243,29LU
LU000,5244,29LU
LU000,5250,29LU
LU000,5251,29LU
LU000,5252,29LU
LU000,5253,29LU
LU000,5254,29LU
LU000,5255,29LU
LU000,5256,29LU
LU000,5280,29LU
LU000,5290,29LU
LU000,5291,29LU
LU000,5299,29LU
LU000,5310,29LU
LU000,5312,29LU
LU000,5314,29LU
LU000,5315,29LU
LU000,5316,29LU
LU000,5317,29LU
LU000,5318,29LU
LU000,5320,29LU
LU000,5322,29LU
LU000,5324,29LU
LU000,5326,29LU
LU000,5328,29LU
LU000,5330,29LU
LU000,5331,29LU
LU000,5332,29LU
LU000,5333,29LU
LU000,5334,29LU
LU000,5335,29LU
LU000,5336,29LU
LU000,5337,29LU
LU000,5339,29LU
LU000,5340,29LU
LU000,5341,29LU
LU000,5342,29LU
LU000,5351,29LU
LU000,5352,29LU
LU000,5353,29LU
LU000,5355,29LU
LU000,5359,29LU
LU000,5360,29LU
LU000,5361,29LU
LU000,5362,29LU
LU000,5363,29LU
LU000,5364,29LU
LU000,5365,29LU
LU000,5366,29LU
LU000,5367,29LU
LU000,5368,29LU
LU000,5369,29LU
LU000,5370,29LU
LU000,5371,29LU
LU000,5372,29LU
LU000,5373,29LU
LU000,5374,29LU
LU000,5375,29LU
LU000,5376,29LU
LU000,5377,29LU
LU000,5378,29LU
LU000,5380,29LU
LU000,5401,29LU
LU000,5402,29LU
LU000,5403,29LU
LU000,5404,29LU
LU000,5405,29LU
LU000,5407,29LU
LU000,5408,29LU
LU000,5410,29LU
LU000,5411,29LU
LU000,5412,29LU
LU000,5413,29LU
LU000,5414,29LU
LU000,5415,29LU
LU000,5416,29LU
LU000,5417,29LU
LU000,5418,29LU
LU000,5419,29LU
LU000,5421,29LU
LU000,5422,29LU
LU000,5423,29LU
LU000,5424,29LU
LU000,5425,29LU
LU000,5426,29LU
LU000,5427,29LU
LU000,5429,29LU
LU000,5430,29LU
LU000,5431,29LU
LU000,5432,29LU
LU000,5433,29LU
LU000,5434,29LU
LU000,5435,29LU
LU000,5439,29LU
LU000,5440,29LU
LU000,5441,29LU
LU000,5442,29LU
LU000,5443,29LU
LU000,5444,29LU
LU000,5445,29LU
LU000,5446,29LU
LU000,5447,29LU
LU000,5450,29LU
LU000,5451,29LU
LU000,5460,29LU
LU000,5465,29LU
LU000,5466,29LU
LU000,5470,29LU
LU000,5471,29LU
LU000,5480,29LU
LU000,5481,29LU
LU000,5482,29LU
LU000,5483,29LU
LU000,5485,29LU
LU000,5488,29LU
LU000,5489,29LU
LU000,5495,29LU
LU000,5511,29LU
LU000,5512,29LU
LU000,5513,29LU
LU000,5514,29LU
LU000,5515,29LU
LU000,5516,29LU
LU000,5517,29LU
LU000,5518,29LU
LU000,5519,29LU
LU000,5520,29LU
LU000,5521,29LU
LU000,5522,29LU
LU000,5523,29LU
LU000,5530,29LU
LU000,5531,29LU
LU000,5532,29LU
LU000,5533,29LU
LU000,5534,29LU
LU000,5535,29LU
LU000,5536,29LU
LU000,5537,29LU
LU000,5538,29LU
LU000,5539,29LU
LU000,5540,29LU
LU000,5544,29LU
LU000,5548,29LU
LU000,5550,29LU
LU000,5551,29LU
LU000,5552,29LU
LU000,5553,29LU
LU000,5554,29LU
LU000,5555,29LU
LU000,5556,29LU
LU000,5557,29LU
LU000,5558,29LU
LU000,5559,29LU
LU000,5560,29LU
LU000,5561,29LU
LU000,5570,29LU
LU000,5571,29LU
LU000,5572,29LU
LU000,5573,29LU
LU000,5574,29LU
LU000,5575,29LU
LU000,5576,29LU
LU000,5577,29LU
LU000,5610,29LU
LU000,5611,29LU
LU000,5612,29LU
LU000,5613,29LU
LU000,5614,29LU
LU000,5615,29LU
LU000,5616,29LU
LU000,5617,29LU
LU000,5618,29LU
LU000,5619,29LU
LU000,5620,29LU
LU000,5626,29LU
LU000,5627,29LU
LU000,5628,29LU
LU000,5629,29LU
LU000,5630,29LU
LU000,5631,29LU
LU000,5632,29LU
LU000,5633,29LU
LU000,5634,29LU
LU000,5635,29LU
LU000,5636,29LU
LU000,5637,29LU
LU000,5638,29LU
LU000,5639,29LU
LU000,5640,29LU
LU000,5650,29LU
LU000,5651,29LU
LU000,5652,29LU
LU000,5653,29LU
LU000,5654,29LU
LU000,5656,29LU
LU000,5657,29LU
LU000,5658,29LU
LU000,5659,29LU
LU000,5671,29LU
LU000,5675,29LU
LU000,5680,29LU
LU000,5681,29LU
LU000,5682,29LU
LU000,5683,29LU
LU000,5684,29LU
LU000,5685,29LU
LU000,5686,29LU
LU000,5687,29LU
LU000,5690,29LU
LU000,5691,29LU
LU000,5692,29LU
LU000,5693,29LU
LU000,5695,29LU
LU000,5698,29LU
LU000,5710,29LU
LU000,5711,29LU
LU000,5712,29LU
LU000,5713,29LU
LU000,5714,29LU
LU000,5716,29LU
LU000,5717,29LU
LU000,5718,29LU
LU000,5719,29LU
LU000,5720,29LU
LU000,5721,29LU
LU000,5722,29LU
LU000,5723,29LU
LU000,5730,29LU
LU000,5740,29LU
LU000,5741,29LU
LU000,5750,29LU
LU000,5751,29LU
LU000,5752,29LU
LU000,5753,29LU
LU000,5754,29LU
LU000,5755,29LU
LU000,5756,29LU
LU000,5760,29LU
LU000,5761,29LU
LU000,5762,29LU
LU000,5770,29LU
LU000,5771,29LU
LU000,5772,29LU
LU000,5773,29LU
LU000,5774,29LU
LU000,5775,29LU
LU000,5776,29LU
LU000,5808,29LU
LU000,5809,29LU
LU000,5810,29LU
LU000,5811,29LU
LU000,5812,29LU
LU000,5813,29LU
LU000,5814,29LU
LU000,5815,29LU
LU000,5816,29LU
LU000,5817,29LU
LU000,5818,29LU
LU000,5819,29LU
LU000,5820,29LU
LU000,5821,29LU
LU000,5822,29LU
LU000,5823,29LU
LU000,5824,29LU
LU000,5825,29LU
LU000,5826,29LU
LU000,5828,29LU
LU000,5829,29LU
LU000,5830,29LU
LU000,5831,29LU
LU000,5832,29LU
LU000,5833,29LU
LU000,5834,29LU
LU000,5835,29LU
LU000,5836,29LU
LU000,5837,29LU
LU000,5838,29LU
LU000,5839,29LU
LU000,5840,29LU
LU000,5841,29LU
LU000,5842,29LU
LU000,5843,29LU
LU000,5844,29LU
LU000,5846,29LU
LU000,5850,29LU
LU000,5852,29LU
LU000,5853,29LU
LU000,5854,29LU
LU000,5855,29LU
LU000,5856,29LU
LU000,5859,29LU
LU000,5860,29LU
LU000,5861,29LU
LU000,5862,29LU
LU000,5863,29LU
LU000,5864,29LU
LU000,5865,29LU
LU000,5866,29LU
LU000,5867,29LU
LU000,5868,29LU
LU000,5869,29LU
LU000,5870,29LU
LU000,5871,29LU
LU000,5872,29LU
LU000,5873,29LU
LU000,5874,29LU
LU000,5875,29LU
LU000,5876,29LU
LU000,5878,29LU
LU000,5880,29LU
LU000,5884,29LU
LU000,5885,29LU
LU000,5886,29LU
LU000,5887,29LU
LU000,5888,29LU
LU000,5889,29LU
LU000,5890,29LU
LU000,5891,29LU
LU000,5892,29LU
LU000,5893,29LU
LU000,5898,29LU
LU000,5899,29LU
LU000,5940,29LU
LU000,5942,29LU
LU000,5943,29LU
LU000,5950,29LU
LU000,5951,29LU
LU000,5952,29LU
LU000,5953,29LU
LU000,5954,29LU
LU000,5955,29LU
LU000,5956,29LU
LU000,5957,29LU
LU000,5958,29LU
LU000,5959,29LU
LU000,5960,29LU
LU000,5962,29LU
LU000,5963,29LU
LU000,5964,29LU
LU000,5969,29LU
LU000,5970,29LU
LU000,5971,29LU
LU000,5972,29LU
LU000,5973,29LU
LU000,5974,29LU
LU000,5975,29LU
LU000,5976,29LU
LU000,5977,29LU
LU000,5978,29LU
LU000,6111,29LU
LU000,6112,29LU
LU000,6113,29LU
LU000,6114,29LU
LU000,6115,29LU
LU000,6116,29LU
LU000,6117,29LU
LU000,6118,29LU
LU000,6119,29LU
LU000,6120,29LU
LU000,6121,29LU
LU000,6122,29LU
LU000,6123,29LU
LU000,6124,29LU
LU000,6130,29LU
LU000,6131,29LU
LU000,6132,29LU
LU000,6133,29LU
LU000,6134,29LU
LU000,6135,29LU
LU000,6136,29LU
LU000,6137,29LU
LU000,6138,29LU
LU000,6139,29LU
LU000,6140,29LU
LU000,6141,29LU
LU000,6142,29LU
LU000,6143,29LU
LU000,6144,29LU
LU000,6145,29LU
LU000,6146,29LU
LU000,6147,29LU
LU000,6148,29LU
LU000,6149,29LU
LU000,6150,29LU
LU000,6155,29LU
LU000,6160,29LU
LU000,6161,29LU
LU000,6162,29LU
LU000,6163,29LU
LU000,6165,29LU
LU000,6166,29LU
LU000,6169,29LU
LU000,6170,29LU
LU000,6171,29LU
LU000,6175,29LU
LU000,6180,29LU
LU000,6181,29LU
LU000,6182,29LU
LU000,6183,29LU
LU000,6184,29LU
LU000,6185,29LU
LU000,6186,29LU
LU000,6187,29LU
LU000,6188,29LU
LU000,6189,29LU
LU000,6190,29LU
LU000,6195,29LU
LU000,6196,29LU
LU000,6197,29LU
LU000,6210,29LU
LU000,6211,29LU
LU000,6212,29LU
LU000,6213,29LU
LU000,6214,29LU
LU000,6215,29LU
LU000,6225,29LU
LU000,6230,29LU
LU000,6231,29LU
LU000,6235,29LU
LU000,6238,29LU
LU000,6239,29LU
LU000,6240,29LU
LU000,6243,29LU
LU000,6245,29LU
LU000,6246,29LU
LU000,6250,29LU
LU000,6251,29LU
LU000,6252,29LU
LU000,6255,29LU
LU000,6310,29LU
LU000,6311,29LU
LU000,6312,29LU
LU000,6313,29LU
LU000,6314,29LU
LU000,6315,29LU
LU000,6316,29LU
LU000,6340,29LU
LU000,6350,29LU
LU000,6360,29LU
LU000,6370,29LU
LU000,6380,29LU
LU000,6409,29LU
LU000,6410,29LU
LU000,6411,29LU
LU000,6412,29LU
LU000,6413,29LU
LU000,6414,29LU
LU000,6415,29LU
LU000,6416,29LU
LU000,6417,29LU
LU000,6418,29LU
LU000,6419,29LU
LU000,6420,29LU
LU000,6421,29LU
LU000,6422,29LU
LU000,6430,29LU
LU000,6431,29LU
LU000,6432,29LU
LU000,6433,29LU
LU000,6434,29LU
LU000,6435,29LU
LU000,6436,29LU
LU000,6437,29LU
LU000,6438,29LU
LU000,6439,29LU
LU000,6440,29LU
LU000,6441,29LU
LU000,6442,29LU
LU000,6445,29LU
LU000,6446,29LU
LU000,6447,29LU
LU000,6448,29LU
LU000,6449,29LU
LU000,6450,29LU
LU000,6451,29LU
LU000,6452,29LU
LU000,6453,29LU
LU000,6454,29LU
LU000,6455,29LU
LU000,6460,29LU
LU000,6461,29LU
LU000,6462,29LU
LU000,6463,29LU
LU000,6464,29LU
LU000,6465,29LU
LU000,6466,29LU
LU000,6467,29LU
LU000,6468,29LU
LU000,6469,29LU
LU000,6470,29LU
LU000,6471,29LU
LU000,6472,29LU
LU000,6473,29LU
LU000,6474,29LU
LU000,6475,29LU
LU000,6476,29LU
LU000,6477,29LU
LU000,6478,29LU
LU000,6479,29LU
LU000,6480,29LU
LU000,6481,29LU
LU000,6482,29LU
LU000,6483,29LU
LU000,6484,29LU
LU000,6485,29LU
LU000,6486,29LU
LU000,6488,29LU
LU000,6490,29LU
LU000,6491,29LU
LU000,6492,29LU
LU000,6493,29LU
LU000,6494,29LU
LU000,6495,29LU
LU000,6496,29LU
LU000,6497,29LU
LU000,6499,29LU
LU000,6550,29LU
LU000,6551,29LU
LU000,6552,29LU
LU000,6553,29LU
LU000,6555,29LU
LU000,6557,29LU
LU000,6558,29LU
LU000,6559,29LU
LU000,6560,29LU
LU000,6562,29LU
LU000,6570,29LU
LU000,6571,29LU
LU000,6572,29LU
LU000,6579,29LU
LU000,6580,29LU
LU000,6581,29LU
LU000,6582,29LU
LU000,6583,29LU
LU000,6585,29LU
LU000,6586,29LU
LU000,6587,29LU
LU000,6590,29LU
LU000,6610,29LU
LU000,6611,29LU
LU000,6612,29LU
LU000,6613,29LU
LU000,6614,29LU
LU000,6615,29LU
LU000,6616,29LU
LU000,6617,29LU
LU000,6618,29LU
LU000,6619,29LU
LU000,6620,29LU
LU000,6621,29LU
LU000,6622,29LU
LU000,6623,29LU
LU000,6630,29LU
LU000,6631,29LU
LU000,6632,29LU
LU000,6633,29LU
LU000,6634,29LU
LU000,6635,29LU
LU000,6636,29LU
LU000,6637,29LU
LU000,6638,29LU
LU000,6645,29LU
LU000,6646,29LU
LU000,6647,29LU
LU000,6648,29LU
LU000,6649,29LU
LU000,6650,29LU
LU000,6651,29LU
LU000,6660,29LU
LU000,6661,29LU
LU000,6663,29LU
LU000,6665,29LU
LU000,6666,29LU
LU000,6669,29LU
LU000,6670,29LU
LU000,6671,29LU
LU000,6672,29LU
LU000,6673,29LU
LU000,6674,29LU
LU000,6675,29LU
LU000,6676,29LU
LU000,6678,29LU
LU000,6680,29LU
LU000,6681,29LU
LU000,6682,29LU
LU000,6683,29LU
LU000,6684,29LU
LU000,6685,29LU
LU000,6686,29LU
LU000,6687,29LU
LU000,6688,29LU
LU000,6689,29LU
LU000,6690,29LU
LU000,6691,29LU
LU000,6692,29LU
LU000,6693,29LU
LU000,6695,29LU
LU000,6711,29LU
LU000,6712,29LU
LU000,6713,29LU
LU000,6714,29LU
LU000,6715,29LU
LU000,6716,29LU
LU000,6717,29LU
LU000,6718,29LU
LU000,6719,29LU
LU000,6720,29LU
LU000,6722,29LU
LU000,6723,29LU
LU000,6724,29LU
LU000,6725,29LU
LU000,6726,29LU
LU000,6730,29LU
LU000,6731,29LU
LU000,6732,29LU
LU000,6733,29LU
LU000,6734,29LU
LU000,6735,29LU
LU000,6736,29LU
LU000,6737,29LU
LU000,6738,29LU
LU000,6739,29LU
LU000,6740,29LU
LU000,6741,29LU
LU000,6742,29LU
LU000,6743,29LU
LU000,6744,29LU
LU000,6745,29LU
LU000,6750,29LU
LU000,6751,29LU
LU000,6752,29LU
LU000,6753,29LU
LU000,6754,29LU
LU000,6755,29LU
LU000,6756,29LU
LU000,6757,29LU
LU000,6758,29LU
LU000,6759,29LU
LU000,6760,29LU
LU000,6761,29LU
LU000,6762,29LU
LU000,6763,29LU
LU000,6764,29LU
LU000,6765,29LU
LU000,6770,29LU
LU000,6771,29LU
LU000,6772,29LU
LU000,6773,29LU
LU000,6774,29LU
LU000,6775,29LU
LU000,6776,29LU
LU000,6777,29LU
LU000,6778,29LU
LU000,6779,29LU
LU000,6780,29LU
LU000,6781,29LU
LU000,6782,29LU
LU000,6783,29LU
LU000,6784,29LU
LU000,6785,29LU
LU000,6786,29LU
LU000,6790,29LU
LU000,6791,29LU
LU000,6792,29LU
LU000,6793,29LU
LU000,6794,29LU
LU000,6795,29LU
LU000,6796,29LU
LU000,6830,29LU
LU000,6831,29LU
LU000,6832,29LU
LU000,6833,29LU
LU000,6834,29LU
LU000,6835,29LU
LU000,6836,29LU
LU000,6837,29LU
LU000,6838,29LU
LU000,6839,29LU
LU000,6840,29LU
LU000,6841,29LU
LU000,6842,29LU
LU000,6850,29LU
LU000,6852,29LU
LU000,6858,29LU
LU000,6868,29LU
LU000,6869,29LU
LU000,6870,29LU
LU000,6871,29LU
LU000,6880,29LU
LU000,6910,29LU
LU000,6911,29LU
LU000,6912,29LU
LU000,6913,29LU
LU000,6914,29LU
LU000,6915,29LU
LU000,6916,29LU
LU000,6917,29LU
LU000,6918,29LU
LU000,6919,29LU
LU000,6921,29LU
LU000,6922,29LU
LU000,6923,29LU
LU000,6925,29LU
LU000,6926,29LU
LU000,6930,29LU
LU000,6931,29LU
LU000,6933,29LU
LU000,6934,29LU
LU000,6939,29LU
LU000,6940,29LU
LU000,6941,29LU
LU000,6942,29LU
LU000,6943,29LU
LU000,6944,29LU
LU000,6945,29LU
LU000,6946,29LU
LU000,6947,29LU
LU000,6948,29LU
LU000,6950,29LU
LU000,6951,29LU
LU000,6955,29LU
LU000,6956,29LU
LU000,6960,29LU
LU000,6961,29LU
LU000,6962,29LU
LU000,6969,29LU
LU000,6970,29LU
LU000,6971,29LU
LU000,6972,29LU
LU000,6973,29LU
LU000,6974,29LU
LU000,6975,29LU
LU000,6976,29LU
LU000,6977,29LU
LU000,6978,29LU
LU000,6979,29LU
LU000,6980,29LU
LU000,6981,29LU
LU000,6982,29LU
LU000,6985,29LU
LU000,6986,29LU
LU000,6987,29LU
LU000,6988,29LU
LU000,6989,29LU
LU000,6990,29LU
LU000,6991,29LU
LU000,6992,29LU
LU000,6995,29LU
LU000,6996,29LU
LU000,6997,29LU
LU000,6998,29LU
LU000,7209,29LU
LU000,7210,29LU
LU000,7211,29LU
LU000,7212,29LU
LU000,7213,29LU
LU000,7214,29LU
LU000,7215,29LU
LU000,7216,29LU
LU000,7217,29LU
LU000,7218,29LU
LU000,7219,29LU
LU000,7220,29LU
LU000,7221,29LU
LU000,7222,29LU
LU000,7223,29LU
LU000,7224,29LU
LU000,7225,29LU
LU000,7226,29LU
LU000,7227,29LU
LU000,7228,29LU
LU000,7229,29LU
LU000,7230,29LU
LU000,7231,29LU
LU000,7232,29LU
LU000,7233,29LU
LU000,7234,29LU
LU000,7235,29LU
LU000,7236,29LU
LU000,7237,29LU
LU000,7238,29LU
LU000,7239,29LU
LU000,7240,29LU
LU000,7241,29LU
LU000,7242,29LU
LU000,7243,29LU
LU000,7244,29LU
LU000,7245,29LU
LU000,7246,29LU
LU000,7247,29LU
LU000,7248,29LU
LU000,7249,29LU
LU000,7250,29LU
LU000,7251,29LU
LU000,7252,29LU
LU000,7253,29LU
LU000,7254,29LU
LU000,7255,29LU
LU000,7256,29LU
LU000,7257,29LU
LU000,7258,29LU
LU000,7259,29LU
LU000,7260,29LU
LU000,7261,29LU
LU000,7262,29LU
LU000,7263,29LU
LU000,7264,29LU
LU000,7265,29LU
LU000,7268,29LU
LU000,7269,29LU
LU000,7270,29LU
LU000,7274,29LU
LU000,7302,29LU
LU000,7303,29LU
LU000,7304,29LU
LU000,7305,29LU
LU000,7306,29LU
LU000,7307,29LU
LU000,7308,29LU
LU000,7309,29LU
LU000,7310,29LU
LU000,7311,29LU
LU000,7312,29LU
LU000,7313,29LU
LU000,7314,29LU
LU000,7315,29LU
LU000,7316,29LU
LU000,7317,29LU
LU000,7318,29LU
LU000,7319,29LU
LU000,7320,29LU
LU000,7321,29LU
LU000,7322,29LU
LU000,7323,29LU
LU000,7324,29LU
LU000,7325,29LU
LU000,7326,29LU
LU000,7327,29LU
LU000,7328,29LU
LU000,7329,29LU
LU000,7330,29LU
LU000,7331,29LU
LU000,7332,29LU
LU000,7333,29LU
LU000,7334,29LU
LU000,7335,29LU
LU000,7336,29LU
LU000,7337,29LU
LU000,7338,29LU
LU000,7339,29LU
LU000,7340,29LU
LU000,7341,29LU
LU000,7342,29LU
LU000,7343,29LU
LU000,7344,29LU
LU000,7345,29LU
LU000,7346,29LU
LU000,7347,29LU
LU000,7348,29LU
LU000,7349,29LU
LU000,7350,29LU
LU000,7351,29LU
LU000,7352,29LU
LU000,7353,29LU
LU000,7354,29LU
LU000,7355,29LU
LU000,7356,29LU
LU000,7357,29LU
LU000,7358,29LU
LU000,7359,29LU
LU000,7360,29LU
LU000,7361,29LU
LU000,7362,29LU
LU000,7363,29LU
LU000,7364,29LU
LU000,7370,29LU
LU000,7371,29LU
LU000,7372,29LU
LU000,7373,29LU
LU000,7374,29LU
LU000,7375,29LU
LU000,7376,29LU
LU000,7377,29LU
LU000,7378,29LU
LU000,7379,29LU
LU000,7380,29LU
LU000,7381,29LU
LU000,7382,29LU
LU000,7383,29LU
LU000,7384,29LU
LU000,7390,29LU
LU000,7391,29LU
LU000,7392,29LU
LU000,7395,29LU
LU000,7396,29LU
LU000,7397,29LU
LU000,7409,29LU
LU000,7410,29LU
LU000,7411,29LU
LU000,7412,29LU
LU000,7415,29LU
LU000,7416,29LU
LU000,7417,29LU
LU000,7418,29LU
LU000,7420,29LU
LU000,7421,29LU
LU000,7423,29LU
LU000,7424,29LU
LU000,7425,29LU
LU000,7430,29LU
LU000,7431,29LU
LU000,7432,29LU
LU000,7433,29LU
LU000,7435,29LU
LU000,7440,29LU
LU000,7441,29LU
LU000,7442,29LU
LU000,7443,29LU
LU000,7444,29LU
LU000,7445,29LU
LU000,7446,29LU
LU000,7447,29LU
LU000,7448,29LU
LU000,7449,29LU
LU000,7450,29LU
LU000,7451,29LU
LU000,7452,29LU
LU000,7453,29LU
LU000,7454,29LU
LU000,7455,29LU
LU000,7456,29LU
LU000,7457,29LU
LU000,7458,29LU
LU000,7460,29LU
LU000,7462,29LU
LU000,7463,29LU
LU000,7464,29LU
LU000,7465,29LU
LU000,7470,29LU
LU000,7471,29LU
LU000,7473,29LU
LU000,7475,29LU
LU000,7480,29LU
LU000,7481,29LU
LU000,7482,29LU
LU000,7511,29LU
LU000,7512,29LU
LU000,7513,29LU
LU000,7514,29LU
LU000,7515,29LU
LU000,7516,29LU
LU000,7517,29LU
LU000,7518,29LU
LU000,7519,29LU
LU000,7520,29LU
LU000,7521,29LU
LU000,7522,29LU
LU000,7523,29LU
LU000,7524,29LU
LU000,7525,29LU
LU000,7526,29LU
LU000,7531,29LU
LU000,7532,29LU
LU000,7533,29LU
LU000,7534,29LU
LU000,7535,29LU
LU000,7536,29LU
LU000,7537,29LU
LU000,7538,29LU
LU000,7539,29LU
LU000,7540,29LU
LU000,7541,29LU
LU000,7542,29LU
LU000,7543,29LU
LU000,7544,29LU
LU000,7545,29LU
LU000,7546,29LU
LU000,7547,29LU
LU000,7553,29LU
LU000,7554,29LU
LU000,7555,29LU
LU000,7556,29LU
LU000,7557,29LU
LU000,7558,29LU
LU000,7559,29LU
LU000,7561,29LU
LU000,7562,29LU
LU000,7563,29LU
LU000,7564,29LU
LU000,7565,29LU
LU000,7566,29LU
LU000,7567,29LU
LU000,7568,29LU
LU000,7569,29LU
LU000,7570,29LU
LU000,7571,29LU
LU000,7572,29LU
LU000,7590,29LU
LU000,7591,29LU
LU000,7592,29LU
LU000,7593,29LU
LU000,7594,29LU
LU000,7595,29LU
LU000,7596,29LU
LU000,7597,29LU
LU000,7598,29LU
LU000,7599,29LU
LU000,7610,29LU
LU000,7612,29LU
LU000,7613,29LU
LU000,7615,29LU
LU000,7618,29LU
LU000,7619,29LU
LU000,7620,29LU
LU000,7621,29LU
LU000,7622,29LU
LU000,7623,29LU
LU000,7624,29LU
LU000,7625,29LU
LU000,7626,29LU
LU000,7627,29LU
LU000,7633,29LU
LU000,7634,29LU
LU000,7635,29LU
LU000,7636,29LU
LU000,7639,29LU
LU000,7640,29LU
LU000,7641,29LU
LU000,7649,29LU
LU000,7650,29LU
LU000,7651,29LU
LU000,7652,29LU
LU000,7653,29LU
LU000,7660,29LU
LU000,7661,29LU
LU000,7662,29LU
LU000,7663,29LU
LU000,7664,29LU
LU000,7670,29LU
LU000,7673,29LU
LU000,7680,29LU
LU000,7681,29LU
LU000,7711,29LU
LU000,7712,29LU
LU000,7713,29LU
LU000,7714,29LU
LU000,7715,29LU
LU000,7716,29LU
LU000,7720,29LU
LU000,7721,29LU
LU000,7722,29LU
LU000,7723,29LU
LU000,7724,29LU
LU000,7726,29LU
LU000,7727,29LU
LU000,7730,29LU
LU000,7731,29LU
LU000,7732,29LU
LU000,7733,29LU
LU000,7734,29LU
LU000,7735,29LU
LU000,7737,29LU
LU000,7738,29LU
LU000,7739,29LU
LU000,7740,29LU
LU000,7741,29LU
LU000,7758,29LU
LU000,7759,29LU
LU000,7760,29LU
LU000,7761,29LU
LU000,7762,29LU
LU000,7763,29LU
LU000,7764,29LU
LU000,7765,29LU
LU000,7766,29LU
LU000,7767,29LU
LU000,7768,29LU
LU000,7769,29LU
LU000,7770,29LU
LU000,7771,29LU
LU000,7772,29LU
LU000,7773,29LU
LU000,7774,29LU
LU000,7777,29LU
LU000,7778,29LU
LU000,7779,29LU
LU000,7780,29LU
LU000,7781,29LU
LU000,7782,29LU
LU000,7783,29LU
LU000,7784,29LU
LU000,7785,29LU
LU000,7786,29LU
LU000,7787,29LU
LU000,7788,29LU
LU000,7789,29LU
LU000,7790,29LU
LU000,7791,29LU
LU000,7792,29LU
LU000,7793,29LU
LU000,7794,29LU
LU000,7795,29LU
LU000,8008,29LU
LU000,8009,29LU
LU000,8010,29LU
LU000,8011,29LU
LU000,8012,29LU
LU000,8013,29LU
LU000,8014,29LU
LU000,8015,29LU
LU000,8016,29LU
LU000,8017,29LU
LU000,8018,29LU
LU000,8019,29LU
LU000,8020,29LU
LU000,8021,29LU
LU000,8022,29LU
LU000,8023,29LU
LU000,8024,29LU
LU000,8025,29LU
LU000,8026,29LU
LU000,8027,29LU
LU000,8028,29LU
LU000,8029,29LU
LU000,8030,29LU
LU000,8031,29LU
LU000,8032,29LU
LU000,8033,29LU
LU000,8034,29LU
LU000,8035,29LU
LU000,8036,29LU
LU000,8037,29LU
LU000,8038,29LU
LU000,8039,29LU
LU000,8040,29LU
LU000,8041,29LU
LU000,8042,29LU
LU000,8043,29LU
LU000,8044,29LU
LU000,8045,29LU
LU000,8046,29LU
LU000,8047,29LU
LU000,8048,29LU
LU000,8049,29LU
LU000,8050,29LU
LU000,8051,29LU
LU000,8052,29LU
LU000,8053,29LU
LU000,8054,29LU
LU000,8055,29LU
LU000,8056,29LU
LU000,8057,29LU
LU000,8058,29LU
LU000,8059,29LU
LU000,8061,29LU
LU000,8062,29LU
LU000,8063,29LU
LU000,8064,29LU
LU000,8065,29LU
LU000,8066,29LU
LU000,8067,29LU
LU000,8068,29LU
LU000,8069,29LU
LU000,8070,29LU
LU000,8071,29LU
LU000,8072,29LU
LU000,8074,29LU
LU000,8075,29LU
LU000,8076,29LU
LU000,8077,29LU
LU000,8078,29LU
LU000,8079,29LU
LU000,8080,29LU
LU000,8081,29LU
LU000,8082,29LU
LU000,8083,29LU
LU000,8084,29LU
LU000,8085,29LU
LU000,8086,29LU
LU000,8087,29LU
LU000,8088,29LU
LU000,8089,29LU
LU000,8090,29LU
LU000,8091,29LU
LU000,8092,29LU
LU000,8093,29LU
LU000,8094,29LU
LU000,8095,29LU
LU000,8096,29LU
LU000,8097,29LU
LU000,8098,29LU
LU000,8099,29LU
LU000,8110,29LU
LU000,8111,29LU
LU000,8112,29LU
LU000,8116,29LU
LU000,8117,29LU
LU000,8118,29LU
LU000,8119,29LU
LU000,8120,29LU
LU000,8121,29LU
LU000,8123,29LU
LU000,8124,29LU
LU000,8125,29LU
LU000,8126,29LU
LU000,8127,29LU
LU000,8128,29LU
LU000,8129,29LU
LU000,8130,29LU
LU000,8131,29LU
LU000,8132,29LU
LU000,8133,29LU
LU000,8134,29LU
LU000,8135,29LU
LU000,8137,29LU
LU000,8138,29LU
LU000,8139,29LU
LU000,8140,29LU
LU000,8141,29LU
LU000,8142,29LU
LU000,8143,29LU
LU000,8145,29LU
LU000,8146,29LU
LU000,8147,29LU
LU000,8149,29LU
LU000,8150,29LU
LU000,8151,29LU
LU000,8152,29LU
LU000,8153,29LU
LU000,8154,29LU
LU000,8156,29LU
LU000,8157,29LU
LU000,8158,29LU
LU000,8159,29LU
LU000,8160,29LU
LU000,8161,29LU
LU000,8165,29LU
LU000,8166,29LU
LU000,8167,29LU
LU000,8180,29LU
LU000,8181,29LU
LU000,8182,29LU
LU000,8183,29LU
LU000,8184,29LU
LU000,8185,29LU
LU000,8186,29LU
LU000,8187,29LU
LU000,8188,29LU
LU000,8189,29LU
LU000,8190,29LU
LU000,8191,29LU
LU000,8209,29LU
LU000,8210,29LU
LU000,8211,29LU
LU000,8212,29LU
LU000,8213,29LU
LU000,8214,29LU
LU000,8215,29LU
LU000,8216,29LU
LU000,8217,29LU
LU000,8218,29LU
LU000,8219,29LU
LU000,8220,29LU
LU000,8221,29LU
LU000,8222,29LU
LU000,8223,29LU
LU000,8224,29LU
LU000,8225,29LU
LU000,8226,29LU
LU000,8227,29LU
LU000,8228,29LU
LU000,8229,29LU
LU000,8230,29LU
LU000,8231,29LU
LU000,8232,29LU
LU000,8233,29LU
LU000,8234,29LU
LU000,8235,29LU
LU000,8236,29LU
LU000,8237,29LU
LU000,8238,29LU
LU000,8239,29LU
LU000,8240,29LU
LU000,8241,29LU
LU000,8242,29LU
LU000,8243,29LU
LU000,8244,29LU
LU000,8245,29LU
LU000,8246,29LU
LU000,8247,29LU
LU000,8248,29LU
LU000,8249,29LU
LU000,8250,29LU
LU000,8251,29LU
LU000,8252,29LU
LU000,8253,29LU
LU000,8254,29LU
LU000,8255,29LU
LU000,8258,29LU
LU000,8259,29LU
LU000,8260,29LU
LU000,8261,29LU
LU000,8262,29LU
LU000,8263,29LU
LU000,8264,29LU
LU000,8265,29LU
LU000,8266,29LU
LU000,8267,29LU
LU000,8268,29LU
LU000,8269,29LU
LU000,8270,29LU
LU000,8271,29LU
LU000,8272,29LU
LU000,8273,29LU
LU000,8274,29LU
LU000,8277,29LU
LU000,8278,29LU
LU000,8279,29LU
LU000,8280,29LU
LU000,8281,29LU
LU000,8282,29LU
LU000,8283,29LU
LU000,8284,29LU
LU000,8285,29LU
LU000,8286,29LU
LU000,8287,29LU
LU000,8288,29LU
LU000,8289,29LU
LU000,8290,29LU
LU000,8291,29LU
LU000,8292,29LU
LU000,8293,29LU
LU000,8294,29LU
LU000,8295,29LU
LU000,8308,29LU
LU000,8310,29LU
LU000,8311,29LU
LU000,8312,29LU
LU000,8313,29LU
LU000,8314,29LU
LU000,8315,29LU
LU000,8316,29LU
LU000,8317,29LU
LU000,8318,29LU
LU000,8319,29LU
LU000,8320,29LU
LU000,8321,29LU
LU000,8322,29LU
LU000,8323,29LU
LU000,8324,29LU
LU000,8325,29LU
LU000,8326,29LU
LU000,8327,29LU
LU000,8328,29LU
LU000,8329,29LU
LU000,8330,29LU
LU000,8331,29LU
LU000,8332,29LU
LU000,8333,29LU
LU000,8334,29LU
LU000,8335,29LU
LU000,8336,29LU
LU000,8337,29LU
LU000,8338,29LU
LU000,8339,29LU
LU000,8340,29LU
LU000,8341,29LU
LU000,8342,29LU
LU000,8343,29LU
LU000,8344,29LU
LU000,8345,29LU
LU000,8346,29LU
LU000,8347,29LU
LU000,8348,29LU
LU000,8350,29LU
LU000,8351,29LU
LU000,8352,29LU
LU000,8353,29LU
LU000,8354,29LU
LU000,8355,29LU
LU000,8356,29LU
LU000,8357,29LU
LU000,8358,29LU
LU000,8359,29LU
LU000,8360,29LU
LU000,8361,29LU
LU000,8362,29LU
LU000,8363,29LU
LU000,8364,29LU
LU000,8365,29LU
LU000,8366,29LU
LU000,8367,29LU
LU000,8368,29LU
LU000,8369,29LU
LU000,8370,29LU
LU000,8371,29LU
LU000,8372,29LU
LU000,8373,29LU
LU000,8374,29LU
LU000,8375,29LU
LU000,8376,29LU
LU000,8378,29LU
LU000,8379,29LU
LU000,8380,29LU
LU000,8381,29LU
LU000,8383,29LU
LU000,8384,29LU
LU000,8385,29LU
LU000,8386,29LU
LU000,8387,29LU
LU000,8388,29LU
LU000,8389,29LU
LU000,8390,29LU
LU000,8391,29LU
LU000,8392,29LU
LU000,8393,29LU
LU000,8394,29LU
LU000,8395,29LU
LU000,8396,29LU
LU000,8398,29LU
LU000,8399,29LU
LU000,8410,29LU
LU000,8411,29LU
LU000,8412,29LU
LU000,8413,29LU
LU000,8414,29LU
LU000,8415,29LU
LU000,8416,29LU
LU000,8420,29LU
LU000,8421,29LU
LU000,8422,29LU
LU000,8423,29LU
LU000,8424,29LU
LU000,8435,29LU
LU000,8436,29LU
LU000,8437,29LU
LU000,8440,29LU
LU000,8441,29LU
LU000,8442,29LU
LU000,8443,29LU
LU000,8444,29LU
LU000,8445,29LU
LU000,8447,29LU
LU000,8448,29LU
LU000,8449,29LU
LU000,8450,29LU
LU000,8451,29LU
LU000,8452,29LU
LU000,8453,29LU
LU000,8460,29LU
LU000,8461,29LU
LU000,8462,29LU
LU000,8463,29LU
LU000,8464,29LU
LU000,8465,29LU
LU000,8466,29LU
LU000,8467,29LU
LU000,8468,29LU
LU000,8469,29LU
LU000,8470,29LU
LU000,8471,29LU
LU000,8472,29LU
LU000,8473,29LU
LU000,8474,29LU
LU000,8475,29LU
LU000,8476,29LU
LU000,8477,29LU
LU000,8478,29LU
LU000,8479,29LU
LU000,8480,29LU
LU000,8506,29LU
LU000,8507,29LU
LU000,8508,29LU
LU000,8509,29LU
LU000,8510,29LU
LU000,8511,29LU
LU000,8521,29LU
LU000,8522,29LU
LU000,8523,29LU
LU000,8525,29LU
LU000,8526,29LU
LU000,8528,29LU
LU000,8529,29LU
LU000,8530,29LU
LU000,8531,29LU
LU000,8533,29LU
LU000,8537,29LU
LU000,8538,29LU
LU000,8539,29LU
LU000,8540,29LU
LU000,8541,29LU
LU000,8542,29LU
LU000,8543,29LU
LU000,8544,29LU
LU000,8545,29LU
LU000,8546,29LU
LU000,8550,29LU
LU000,8551,29LU
LU000,8552,29LU
LU000,8557,29LU
LU000,8558,29LU
LU000,8560,29LU
LU000,8561,29LU
LU000,8562,29LU
LU000,8606,29LU
LU000,8609,29LU
LU000,8610,29LU
LU000,8611,29LU
LU000,8612,29LU
LU000,8613,29LU
LU000,8614,29LU
LU000,8615,29LU
LU000,8620,29LU
LU000,8705,29LU
LU000,8706,29LU
LU000,8707,29LU
LU000,8708,29LU
LU000,8710,29LU
LU000,8711,29LU
LU000,8715,29LU
LU000,8720,29LU
LU000,8805,29LU
LU000,8806,29LU
LU000,8808,29LU
LU000,8809,29LU
LU000,8811,29LU
LU000,8812,29LU
LU000,8813,29LU
LU000,8814,29LU
LU000,8816,29LU
LU000,8817,29LU
LU000,8818,29LU
LU000,8819,29LU
LU000,8820,29LU
LU000,8821,29LU
LU000,8822,29LU
LU000,8823,29LU
LU000,8824,29LU
LU000,8825,29LU
LU000,8826,29LU
LU000,8831,29LU
LU000,8832,29LU
LU000,8833,29LU
LU000,8834,29LU
LU000,8835,29LU
LU000,8838,29LU
LU000,9010,29LU
LU000,9011,29LU
LU000,9012,29LU
LU000,9013,29LU
LU000,9014,29LU
LU000,9015,29LU
LU000,9016,29LU
LU000,9017,29LU
LU000,9018,29LU
LU000,9019,29LU
LU000,9020,29LU
LU000,9021,29LU
LU000,9022,29LU
LU000,9023,29LU
LU000,9024,29LU
LU000,9025,29LU
LU000,9026,29LU
LU000,9027,29LU
LU000,9028,29LU
LU000,9029,29LU
LU000,9030,29LU
LU000,9031,29LU
LU000,9032,29LU
LU000,9033,29LU
LU000,9040,29LU
LU000,9041,29LU
LU000,9042,29LU
LU000,9043,29LU
LU000,9044,29LU
LU000,9045,29LU
LU000,9046,29LU
LU000,9047,29LU
LU000,9048,29LU
LU000,9050,29LU
LU000,9051,29LU
LU000,9052,29LU
LU000,9053,29LU
LU000,9054,29LU
LU000,9055,29LU
LU000,9056,29LU
LU000,9060,29LU
LU000,9061,29LU
LU000,9062,29LU
LU000,9063,29LU
LU000,9064,29LU
LU000,9065,29LU
LU000,9066,29LU
LU000,9068,29LU
LU000,9069,29LU
LU000,9070,29LU
LU000,9071,29LU
LU000,9072,29LU
LU000,9080,29LU
LU000,9081,29LU
LU000,9082,29LU
LU000,9083,29LU
LU000,9084,29LU
LU000,9085,29LU
LU000,9086,29LU
LU000,9087,29LU
LU000,9088,29LU
LU000,9089,29LU
LU000,9090,29LU
LU000,9091,29LU
LU000,9092,29LU
LU000,9094,29LU
LU000,9099,29LU
LU000,9115,29LU
LU000,9116,29LU
LU000,9117,29LU
LU000,9118,29LU
LU000,9119,29LU
LU000,9120,29LU
LU000,9121,29LU
LU000,9122,29LU
LU000,9123,29LU
LU000,9124,29LU
LU000,9125,29LU
LU000,9126,29LU
LU000,9127,29LU
LU000,9128,29LU
LU000,9129,29LU
LU000,9130,29LU
LU000,9131,29LU
LU000,9132,29LU
LU000,9133,29LU
LU000,9134,29LU
LU000,9135,29LU
LU000,9136,29LU
LU000,9137,29LU
LU000,9140,29LU
LU000,9142,29LU
LU000,9144,29LU
LU000,9145,29LU
LU000,9146,29LU
LU000,9147,29LU
LU000,9150,29LU
LU000,9151,29LU
LU000,9153,29LU
LU000,9154,29LU
LU000,9155,29LU
LU000,9156,29LU
LU000,9157,29LU
LU000,9158,29LU
LU000,9160,29LU
LU000,9161,29LU
LU000,9163,29LU
LU000,9164,29LU
LU000,9165,29LU
LU000,9166,29LU
LU000,9167,29LU
LU000,9168,29LU
LU000,9169,29LU
LU000,9170,29LU
LU000,9171,29LU
LU000,9172,29LU
LU000,9173,29LU
LU000,9175,29LU
LU000,9176,29LU
LU000,9177,29LU
LU000,9179,29LU
LU000,9180,29LU
LU000,9181,29LU
LU000,9182,29LU
LU000,9183,29LU
LU000,9184,29LU
LU000,9186,29LU
LU000,9188,29LU
LU000,9189,29LU
LU000,9190,29LU
LU000,9191,29LU
LU000,9205,29LU
LU000,9206,29LU
LU000,9207,29LU
LU000,9208,29LU
LU000,9209,29LU
LU000,9210,29LU
LU000,9211,29LU
LU000,9212,29LU
LU000,9213,29LU
LU000,9214,29LU
LU000,9215,29LU
LU000,9216,29LU
LU000,9217,29LU
LU000,9218,29LU
LU000,9220,29LU
LU000,9221,29LU
LU000,9224,29LU
LU000,9225,29LU
LU000,9226,29LU
LU000,9227,29LU
LU000,9229,29LU
LU000,9230,29LU
LU000,9231,29LU
LU000,9232,29LU
LU000,9233,29LU
LU000,9234,29LU
LU000,9235,29LU
LU000,9236,29LU
LU000,9237,29LU
LU000,9238,29LU
LU000,9239,29LU
LU000,9240,29LU
LU000,9241,29LU
LU000,9242,29LU
LU000,9243,29LU
LU000,9244,29LU
LU000,9245,29LU
LU000,9250,29LU
LU000,9251,29LU
LU000,9252,29LU
LU000,9253,29LU
LU000,9254,29LU
LU000,9255,29LU
LU000,9256,29LU
LU000,9257,29LU
LU000,9258,29LU
LU000,9259,29LU
LU000,9260,29LU
LU000,9261,29LU
LU000,9262,29LU
LU000,9263,29LU
LU000,9264,29LU
LU000,9265,29LU
LU000,9266,29LU
LU000,9267,29LU
LU000,9268,29LU
LU000,9273,29LU
LU000,9275,29LU
LU000,9276,29LU
LU000,9277,29LU
LU000,9278,29LU
LU000,9279,29LU
LU000,9280,29LU
LU000,9282,29LU
LU000,9283,29LU
LU000,9284,29LU
LU000,9285,29LU
LU000,9286,29LU
LU000,9287,29LU
LU000,9288,29LU
LU000,9289,29LU
LU000,9290,29LU
LU000,9291,29LU
LU000,9292,29LU
LU000,9293,29LU
LU000,9294,29LU
LU000,9350,29LU
LU000,9351,29LU
LU000,9352,29LU
LU000,9353,29LU
LU000,9354,29LU
LU000,9355,29LU
LU000,9356,29LU
LU000,9357,29LU
LU000,9359,29LU
LU000,9360,29LU
LU000,9361,29LU
LU000,9364,29LU
LU000,9365,29LU
LU000,9366,29LU
LU000,9368,29LU
LU000,9369,29LU
LU000,9370,29LU
LU000,9371,29LU
LU000,9372,29LU
LU000,9373,29LU
LU000,9374,29LU
LU000,9375,29LU
LU000,9376,29LU
LU000,9377,29LU
LU000,9378,29LU
LU000,9380,29LU
LU000,9381,29LU
LU000,9382,29LU
LU000,9390,29LU
LU000,9391,29LU
LU000,9392,29LU
LU000,9395,29LU
LU000,9405,29LU
LU000,9406,29LU
LU000,9407,29LU
LU000,9408,29LU
LU000,9409,29LU
LU000,9410,29LU
LU000,9411,29LU
LU000,9412,29LU
LU000,9414,29LU
LU000,9415,29LU
LU000,9416,29LU
LU000,9417,29LU
LU000,9418,29LU
LU000,9419,29LU
LU000,9420,29LU
LU000,9421,29LU
LU000,9422,29LU
LU000,9423,29LU
LU000,9424,29LU
LU000,9425,29LU
LU000,9426,29LU
LU000,9440,29LU
LU000,9451,29LU
LU000,9452,29LU
LU000,9453,29LU
LU000,9454,29LU
LU000,9455,29LU
LU000,9456,29LU
LU000,9457,29LU
LU000,9458,29LU
LU000,9459,29LU
LU000,9461,29LU
LU000,9462,29LU
LU000,9463,29LU
LU000,9464,29LU
LU000,9465,29LU
LU000,9466,29LU
LU000,9510,29LU
LU000,9511,29LU
LU000,9512,29LU
LU000,9513,29LU
LU000,9514,29LU
LU000,9515,29LU
LU000,9516,29LU
LU000,9517,29LU
LU000,9518,29LU
LU000,9519,29LU
LU000,9520,29LU
LU000,9521,29LU
LU000,9522,29LU
LU000,9523,29LU
LU000,9530,29LU
LU000,9531,29LU
LU000,9532,29LU
LU000,9533,29LU
LU000,9534,29LU
LU000,9535,29LU
LU000,9536,29LU
LU000,9537,29LU
LU000,9538,29LU
LU000,9539,29LU
LU000,9540,29LU
LU000,9541,29LU
LU000,9542,29LU
LU000,9543,29LU
LU000,9544,29LU
LU000,9545,29LU
LU000,9550,29LU
LU000,9551,29LU
LU000,9552,29LU
LU000,9553,29LU
LU000,9554,29LU
LU000,9555,29LU
LU000,9556,29LU
LU000,9557,29LU
LU000,9558,29LU
LU000,9559,29LU
LU000,9560,29LU
LU000,9565,29LU
LU000,9570,29LU
LU000,9571,29LU
LU000,9572,29LU
LU000,9573,29LU
LU000,9574,29LU
LU000,9575,29LU
LU000,9576,29LU
LU000,9577,29LU
LU000,9578,29LU
LU000,9579,29LU
LU000,9631,29LU
LU000,9632,29LU
LU000,9633,29LU
LU000,9635,29LU
LU000,9636,29LU
LU000,9637,29LU
LU000,9638,29LU
LU000,9639,29LU
LU000,9640,29LU
LU000,9641,29LU
LU000,9643,29LU
LU000,9644,29LU
LU000,9645,29LU
LU000,9647,29LU
LU000,9648,29LU
LU000,9650,29LU
LU000,9651,29LU
LU000,9653,29LU
LU000,9654,29LU
LU000,9655,29LU
LU000,9656,29LU
LU000,9657,29LU
LU000,9659,29LU
LU000,9660,29LU
LU000,9662,29LU
LU000,9663,29LU
LU000,9665,29LU
LU000,9666,29LU
LU000,9668,29LU
LU000,9669,29LU
LU000,9670,29LU
LU000,9671,29LU
LU000,9672,29LU
LU000,9673,29LU
LU000,9674,29LU
LU000,9676,29LU
LU000,9678,29LU
LU000,9681,29LU
LU000,9682,29LU
LU000,9684,29LU
LU000,9687,29LU
LU000,9689,29LU
LU000,9690,29LU
LU000,9696,29LU
LU000,9706,29LU
LU000,9707,29LU
LU000,9708,29LU
LU000,9709,29LU
LU000,9710,29LU
LU000,9711,29LU
LU000,9712,29LU
LU000,9713,29LU
LU000,9714,29LU
LU000,9715,29LU
LU000,9737,29LU
LU000,9738,29LU
LU000,9740,29LU
LU000,9741,29LU
LU000,9742,29LU
LU000,9743,29LU
LU000,9744,29LU
LU000,9745,29LU
LU000,9746,29LU
LU000,9747,29LU
LU000,9748,29LU
LU000,9749,29LU
LU000,9751,29LU
LU000,9752,29LU
LU000,9753,29LU
LU000,9754,29LU
LU000,9755,29LU
LU000,9756,29LU
LU000,9757,29LU
LU000,9758,29LU
LU000,9759,29LU
LU000,9760,29LU
LU000,9761,29LU
LU000,9762,29LU
LU000,9763,29LU
LU000,9764,29LU
LU000,9765,29LU
LU000,9766,29LU
LU000,9767,29LU
LU000,9768,29LU
LU000,9769,29LU
LU000,9770,29LU
LU000,9771,29LU
LU000,9772,29LU
LU000,9773,29LU
LU000,9774,29LU
LU000,9775,29LU
LU000,9776,29LU
LU000,9779,29LU
LU000,9780,29LU
LU000,9805,29LU
LU000,9806,29LU
LU000,9807,29LU
LU000,9808,29LU
LU000,9809,29LU
LU000,9830,29LU
LU000,9831,29LU
LU000,9833,29LU
LU000,9834,29LU
LU000,9835,29LU
LU000,9836,29LU
LU000,9837,29LU
LU000,9838,29LU
LU000,9839,29LU
LU000,9840,29LU
LU000,9841,29LU
LU000,9902,29LU
LU000,9903,29LU
LU000,9905,29LU
LU000,9906,29LU
LU000,9907,29LU
LU000,9908,29LU
LU000,9909,29LU
LU000,9910,29LU
LU000,9911,29LU
LU000,9912,29LU
LU000,9913,29LU
LU000,9940,29LU
LU000,9942,29LU
LU000,9943,29LU
LU000,9944,29LU
LU000,9946,29LU
LU000,9948,29LU
LU000,9950,29LU
LU000,9952,29LU
LU000,9954,29LU
LU000,9956,29LU
LU000,9960,29LU
LU000,9962,29LU
LU000,9964,29LU
LU000,9966,29LU
LU000,9968,29LU
LU000,9970,29LU
LU000,9972,29LU
LU000,9974,29LU
LU000,9976,29LU
LU000,9980,29LU
LU000,9982,29LU
LU000,9990,29LU
LU000,9991,29LU
LU000,9992,29LU
LU000,9993,29LU
LU000,9999,29LU
