Time,coal,firewood,heavy_fuel_oil,light_fuel_oil,milled_peat,natural_gas,oil_shale,peat_briquette,pellets,shale_oil,sod_peat,wood_chips,wood_waste_industrial
01-Jan-2007,0.000741287067008316,0.00391314549207831,0.00125882158614085,0.00759461821603938,0.014220219310424,0.215960082305069,0.723388840070287,0.000273285554657444,NaN,0.0265094816510172,0.00614021874727866,NaN,NaN
01-Feb-2007,0.000720373350049131,0.0037280454760133,0.00175014607403503,0.00332396446215441,0.0123550958892312,0.206570179837763,0.730970194614236,0.000118429042779161,NaN,0.0348064636572534,0.00565710759648522,NaN,NaN
01-Mar-2007,0.000681582543814336,0.00312110217810954,0.000854015724914195,0.00230556130762799,0.0125485297843437,0.181777268371133,0.767441023958615,0,NaN,0.0241797851746971,0.00709113095674468,NaN,NaN
01-Apr-2007,0.000501555877237436,0.000836859318096778,0.00324103702493393,0.00233263202176247,0.0130580896175734,0.163383211718271,0.795304089084967,0,NaN,0.0163999097119254,0.00494261562523254,NaN,NaN
01-May-2007,0.000224987654746683,0.000207776617563296,1.86070270754128e-05,0.00841105201568684,0.00899918218690829,0.101004682446329,0.87135860757851,0.000159964889484146,NaN,0.0063415525441227,0.00327358703957356,NaN,NaN
01-Jun-2007,0.000106090383929314,1.00614751210382e-05,8.16853177875101e-05,0.000530623033169037,0.00673584103351849,0.0728037559606406,0.911624081455393,0,NaN,0.00629124532376955,0.00181661601667188,NaN,NaN
01-Jul-2007,8.59270998180933e-05,9.05468363674531e-06,0.000340474583687821,0.00130467134824609,0.00532791328902328,0.0584385509130694,0.92568264653558,0,NaN,0.00701847700590809,0.00179228454103102,NaN,NaN
01-Aug-2007,7.57345586016904e-05,8.20864893231225e-06,0.000175376109204375,0.000707341581944751,0.00961876882729062,0.0546075484121518,0.923509737891086,0.000563821103322723,NaN,0.00791846691042573,0.00281499595703972,NaN,NaN
01-Sep-2007,0.000111466560951506,3.39793226126366e-05,0.000316196474312035,0.00276622955776069,0.00933123919170447,0.0635251526558149,0.913974954420466,0.000452190815380751,NaN,0.00713113102483624,0.00235745997616073,NaN,NaN
01-Oct-2007,0.000397985067750517,0.000424110573861494,0.000540975869432182,0.00232721667618689,0.0112374866263121,0.106551736777144,0.859410879595402,9.71502678763196e-05,NaN,0.0152443882561837,0.00376807028985093,NaN,NaN
01-Nov-2007,0.000299995665078418,0.000699351745736454,0.00113378007556306,0.00238524559994645,0.0121173016763153,0.140726499118185,0.819269543084868,4.73345193847433e-06,NaN,0.0181697102747291,0.00519383930764019,NaN,NaN
01-Dec-2007,0.000258672149939358,0.000606164342761119,0.001185426163835,0.00228179534892743,0.0102667141135877,0.13726258389403,0.824527876067958,2.31785080590823e-06,NaN,0.0181084798370854,0.00549997023106948,NaN,NaN
01-Jan-2008,0.000288859058266694,0.000631824834759256,0.00149833988933175,0.0031589818149414,0.0112575117639566,0.170000414898412,0.765293540923932,0,2.53010510264958e-05,0.0206353689749269,0.00596538604234299,0.016387445453862,0.00485702529424239
01-Feb-2008,0.000277416623575544,0.000909827778587467,0.00137696157699532,0.00254266684642688,0.014089794360839,0.189241369835765,0.741669562980563,0.000199962149140103,4.85247653584585e-05,0.0195578256745413,0.00604350880125068,0.0184691891500908,0.00557338945686608
01-Mar-2008,0.000346834425967463,0.00087415149445339,0.00150563766964256,0.00342448227236505,0.0143911668888883,0.238890218882773,0.677449016627751,0,0.000172612581637585,0.0256930283558044,0.00741918953764375,0.0214871053621623,0.0083465559009112
01-Apr-2008,0.000425280789428863,0.000539197101244814,0.000370215310869301,0.00302463177935723,0.0123815924696322,0.165363558665132,0.768798658387306,0,0.000102572950258007,0.0165677861661939,0.00556869499640659,0.0181629278607532,0.00869488352341865
01-May-2008,1.8040646201495e-05,0.000186575199103203,4.38649583044415e-05,0.00134811396040513,0.00769619059073657,0.144972596028062,0.812667217422054,0,0.000350386206467208,0.0123149961132955,0.00254856862639628,0.0117050816322388,0.00614836861673532
01-Jun-2008,0,4.99147104668251e-06,0.00010152295575306,0.00138201354605022,0.00653729694758918,0.092185814937497,0.871294250560705,0,0.000275273685997104,0.0107369661883545,0.0023077977250925,0.00977258724211197,0.00540148473980286
01-Jul-2008,0,4.12502321284686e-05,5.65502624231425e-05,0.000770474945832087,0.003241984854566,0.0757038439788951,0.888957209017479,0,0.000158703925072636,0.0154308171634666,0.00281404694604822,0.00840146096822878,0.00442365770586026
01-Aug-2008,0,5.50996699642738e-06,1.0987136570257e-05,0.000750678340892234,0.00690940568748924,0.0602119499909127,0.912781424160805,0,0,0.0112497072693377,0.000152398690337694,0.00531901311374696,0.00260892564291157
01-Sep-2008,6.08463675753109e-05,0.000140142924028297,0.000424108995930171,0.00123543478831038,0.00614796114249556,0.083409541909371,0.885050530822811,0,0,0.0105224714836015,0.000936518829321449,0.00862186485921987,0.00345057787733538
01-Oct-2008,0.000256835036067601,0.000552298061559769,0.000742717214300521,0.00186081954631675,0.00989247365920997,0.107396547961805,0.842776457526941,0,1.9718302769061e-05,0.012572679820594,0.000870273092213321,0.0186526859194153,0.00440649385880834
01-Nov-2008,0.000238258399287647,0.000591527221920432,0.0010992107416267,0.00241900100420956,0.0104372304059326,0.161756530783759,0.771454231949202,0,1.81469210926972e-05,0.0188116485602162,0.00442374310836184,0.0221229854055957,0.00662748549879535
01-Dec-2008,0.000307017051293505,0.000903074866397597,0.00118938742025755,0.00258689428109827,0.00952547808313402,0.189561570992735,0.737059903997281,0,4.36793887643681e-05,0.020379588183435,0.00602953085458766,0.024667253530788,0.00774662135022735
01-Jan-2009,0.000227562014135689,0.000558277945746087,0.00138184633236354,0.00716676353674804,0.0106977156946692,0.150324163218476,0.766373314196742,0,1.43990852616875e-05,0.0222776718133722,0.00584632506800053,0.0271580864785683,0.0079738746159164
01-Feb-2009,0.000252460213844376,0.000636608148285284,0.00169189062665062,0.00755201850327947,0.0168028180224114,0.1577919486925,0.753248497159774,0,7.49054438043316e-05,0.0211582049283856,0.00616716422721667,0.0278127103543901,0.00681077367945835
01-Mar-2009,0.000278217128142755,0.00061166973891092,0.00161943173672244,0.00485681641678092,0.0169281133429384,0.153193476159856,0.746754030244428,0,0.000112694254617942,0.0219895811662955,0.00632961814031156,0.0373499015576591,0.009976450113336
01-Apr-2009,0.000439507758716483,0.000764324518287884,0.000303047688469833,0.00410120835273174,0.0223888283560587,0.146034493899912,0.741512026247945,0,0.00016412768673783,0.0198129230040652,0.00602540379180187,0.0429895510310274,0.0154645576642459
01-May-2009,7.77617645679548e-06,8.84979049663692e-05,0.0001386542431127,0.00330594108284587,0.00695770252916753,0.0969455918868693,0.827907166525477,0,0.000533044353893239,0.0129678873637396,0.00293883030076457,0.0336244378435855,0.0145844697891218
01-Jun-2009,0,0,0.00048941604202353,0.00257867925313377,0.0047865807072252,0.0622768217130482,0.876823168918906,0,0.000310450474417911,0.0114802759260482,0.00227739772042355,0.0299440135288432,0.00903319571593056
01-Jul-2009,0,3.81943288740939e-05,0,0.00309837915311344,0.00722029432677397,0.0682436287029889,0.865987729421384,0,0,0.0156997447816169,0.00231088951608016,0.0298778421521537,0.00752329761701521
01-Aug-2009,0,0,0.000594119297674017,0.00422526479438793,0.00386713856748565,0.0743436832193812,0.874180558665639,0,0,0.0163003883258438,0.000288603573281562,0.0185771600058464,0.00762308355046021
01-Sep-2009,0,0.000122905624012788,0.0014817893708245,0.00373950490643303,0.0102550364856375,0.0590151837968068,0.857529955994834,0,0,0.0149014627795174,0.000122863417411135,0.0410495780127691,0.0117817196117533
01-Oct-2009,0.00027823170711935,0.000618537168667825,0.000363713404858151,0.00584646076143496,0.0123802614455433,0.154606256679298,0.719514082847925,0,5.74220831550514e-05,0.0227281068608947,0.00283258552087987,0.0651180899133701,0.0156562516068532
01-Nov-2009,0.000302402062007475,0.000929213252212387,0.00121565628927005,0.00655775942547354,0.0167750349656042,0.177446066994631,0.682596139944007,0,1.24375041632106e-05,0.0212822889252995,0.00666968476931091,0.0703375002597853,0.0158758156082356
01-Dec-2009,0.000323661908512756,0.00107922105193339,0.0009290597625908,0.00490226526938495,0.0136491485915436,0.191944163854479,0.685217782049058,4.89408127791466e-06,2.31109393679303e-05,0.0270373520198395,0.00598850660901811,0.0575098053099665,0.0113910285530272
01-Jan-2010,0.000257068522690085,0.000844441727845122,0.000826089042990932,0.00381054620656181,0.0133756314265289,0.179321661417762,0.723861630198048,4.36449104736987e-06,0.000117477550691706,0.0269200352971424,0.00441320967868613,0.0386841814549131,0.00756366298509198
01-Feb-2010,0.000268862512714053,0.000629691803970607,0.000693976847333119,0.00326703583997646,0.0124818951971025,0.167165888751766,0.742893514464854,4.97177442865518e-06,0.000112693553716184,0.0191213615897007,0.00552243987808231,0.0399245916057083,0.00791307618064759
01-Mar-2010,0.000210137123916953,0.000392153920949702,0.000346119458917843,0.00330866887563296,0.0123262861715932,0.14618945606395,0.765300962274279,7.37994581914378e-06,8.71243603648918e-05,0.0159098716955556,0.00609189927550922,0.0416718207274386,0.00815812010607349
01-Apr-2010,0.000214267349948046,0.000294348365510024,3.63474902528147e-05,0.00258574518621896,0.0128518818313315,0.108820568225358,0.788584167926161,0,0.000100764324830219,0.012370925571419,0.00497984727568207,0.0578744872577695,0.0112866491955191
01-May-2010,4.53852150650804e-05,5.94399913432989e-05,0,0.00257626163903027,0.00624434067515371,0.060563031409627,0.854974082927475,0,0.000179751479021197,0.00818105102527966,0.00262737084067278,0.054726801827199,0.0098224829701334
01-Jun-2010,0,0,0.00450955603963583,0.00228204622192633,0.00467841941943468,0.0329806231148169,0.888636621460711,0,0.000318129024598211,0.00715333778885337,0.00168458263975671,0.0484822875496278,0.00927439674063962
01-Jul-2010,0,0,0,0.00161082499221705,0.0037102993968485,0.0303876072466794,0.929078766955705,0,8.58099626207877e-05,0.00806655712342571,0.0012313729636083,0.0218985529009773,0.00393020845791785
01-Aug-2010,0,0,1.61720628639864e-05,0.00168412724802611,0.0115687475247215,0.0409684615708691,0.910324262029699,0,0,0.00851428938029812,0.00112447128895133,0.018367561199315,0.00743190769525586
01-Sep-2010,0,5.66412224361316e-05,0.00123714497260313,0.00279611150872938,0.00696089574564967,0.0506016874391627,0.875584581333266,0,0.000201604018810774,0.00809186782881298,0.000872787607347451,0.0441137427645744,0.00948293555860733
01-Oct-2010,0.000306005980300785,0.000410442860029246,0.000992051645813835,0.00317720271734174,0.00918396592455599,0.0903749486649519,0.825911644641449,0,0.000106192095482404,0.0109889153621421,0.00218168074161018,0.0451230804328915,0.0112438689334311
01-Nov-2010,0.000177388619988844,0.000555436195061844,0.00046471310026403,0.00318787984768808,0.0142851304217605,0.112002446379232,0.795912797419057,1.3005030790971e-06,0.000138792578608085,0.0130369364665115,0.00107529929590012,0.0481502595015174,0.011011619671331
01-Dec-2010,0.000177374300603549,0.000431795419987973,0.0013202827456667,0.00303154422387668,0.0154038422658499,0.14703361399658,0.759531059563477,0,0.000115751035522896,0.0160948467669883,0.00228234378688545,0.0438915567719298,0.010685989122632
01-Jan-2011,0.000143740302869924,0.00067578497164373,0.000706201318406661,0.00267614735065105,0.0143614643634417,0.133752957023826,0.77815936557887,0,5.3836885968491e-05,0.0170878993092438,0.00173522676980107,0.0434056756121499,0.00724170051312814
01-Feb-2011,0.000173226297529257,0.000712283966652402,0.000362578970548828,0.00328058490399167,0.0165102415477692,0.180743195827821,0.717698678654975,0,0.000281296070369307,0.024553342529174,0.00239643500605196,0.045212850307599,0.00807528591751796
01-Mar-2011,0.000148207941681121,0.000553755866401675,0.000421755180278587,0.00304747931983275,0.0132279837640484,0.131173616751044,0.777434585496637,0,0.000187384772143424,0.0136690152729426,0.00119978711283766,0.0502622798493537,0.00867414867279934
01-Apr-2011,0.000138389369227834,0.00035985935128922,0.000141678760007443,0.00277995617247053,0.0184228596118246,0.1047421517838,0.789080255245447,3.70056462706007e-05,6.65710038730383e-05,0.0115963653892244,0.000993425385002436,0.0588896890114408,0.0127517932701226
01-May-2011,4.79531380897082e-05,4.28793867047326e-05,6.99574409711952e-05,0.00146047276194467,0.0143764958188653,0.0545607711433855,0.862630596311039,0,0.000115048859529743,0.00703916295662776,0.000335343255600729,0.0468844405323621,0.0124368783948792
01-Jun-2011,0,0,0.00017215268997748,0.00139396013849708,0.00776566708408636,0.0356252545761899,0.912517201421003,0,0.000224733178458597,0.00392292523355237,6.75595971861656e-05,0.027162737756927,0.0111478083241225
01-Jul-2011,0,0,1.52400868116288e-05,0.00122179434772855,0.00386918129362747,0.0379416746334347,0.926967902273133,0,0.000117617834161887,0.00491816935849755,5.36246338185298e-05,0.0182278262186549,0.00666696932013196
01-Aug-2011,0,0,0.000182596417494626,0.00217719428885645,0.00499958983939055,0.0303490871042143,0.915039204177588,0,0.000101926955437299,0.00651043438597594,6.7042863736833e-05,0.0316829312230154,0.00888999274429061
01-Sep-2011,0,6.76141978143912e-06,1.61791116198722e-05,0.00172943434183464,0.00831983648633162,0.0398875873714789,0.889628273842733,0,0.000191573560474108,0.00658975819975588,0.000259892072849066,0.0380345961324478,0.0153361074606935
01-Oct-2011,0.00030091503289477,0.00044254738794896,0.000264365823346544,0.00253578897487481,0.0051386836322577,0.0861922243599959,0.833817605728675,0,0.000148012257623074,0.0107386042102511,0.00143775661463074,0.0444055297557285,0.0145779662217726
01-Nov-2011,0.000186168508618114,0.00034626293109341,0.000322282001687011,0.00242148790277046,0.0044291327729359,0.0866034853913701,0.839691470621123,0,0.000111508698005682,0.0122067478484291,0.0015131948963877,0.0380877271636429,0.0140805312639364
01-Dec-2011,9.36022859338911e-05,0.000419468308676445,0.000463932297791753,0.00240833542872725,0.00695841832401783,0.107711698252708,0.805688680379281,0,0.000197424176287363,0.0132683417783823,0.00155251614100508,0.0459703646133481,0.0152672180138412
01-Jan-2012,0.000125483169293075,0.000766499772172151,0.00105189013411322,0.00287871834983595,0.0102719105637851,0.157102904032844,0.727492288123183,0,0.000291227931498732,0.0174519693255583,0.00267879821756015,0.0635106750389789,0.0163776353411769
01-Feb-2012,0.000132981849773833,0.000393052805214374,0.000377228755306015,0.00269737680417999,0.0140596838656521,0.180870470881999,0.702105538005568,1.26998795412192e-06,0.000295060534674327,0.0231556480345732,0.00321529200284818,0.0601453595192601,0.0125510369529961
01-Mar-2012,0.000121897996606075,0.000371002450960747,2.8227531472144e-05,0.0013725724950505,0.0138338163839874,0.146333138159614,0.72445375838294,0,0.000241724569882726,0.0160818724383318,0.00325822601613821,0.0708572480473298,0.0230465155276859
01-Apr-2012,0.000106084825856506,0.000345615290119755,0,0.00124716321575434,0.0126004679208281,0.11459174655439,0.757406760172363,0,0.000221540610636195,0.0132542067070233,0.00596992755425063,0.0709940664679769,0.0232624206808015
01-May-2012,0.000115215644270752,3.40578795967502e-05,4.66902106823008e-05,0.00116001205481689,0.0136352520154169,0.0576846466430479,0.827565981899365,0,0.000195651199444377,0.00870943478843421,0.000894811235796686,0.0705543777053015,0.0194038687238271
01-Jun-2012,0,0,1.88377846034288e-05,0.00096529588044361,0.0116097453951574,0.0458494807589603,0.84707982005136,0,0.000107544068818082,0.00824841920762374,0.000675805522648008,0.0685683644524632,0.0168766868779226
01-Jul-2012,0,0,4.63616383783211e-06,0.00110354538635443,0.00606864620175531,0.0475834174752861,0.890487478672926,0,9.01860726662863e-05,0.00769385228183277,0.00054755170819053,0.0428515318467724,0.00356915419037881
01-Aug-2012,0,0,3.55198643162389e-06,0.000810250516831697,0.00838512665588394,0.0233272909508427,0.908004408492294,0,6.45896040178374e-05,0.00530213497004156,0.000401029871074909,0.0443148301229797,0.00938678682960188
01-Sep-2012,0,2.40068395576151e-05,2.64549054335561e-05,0.00069550830095235,0.00744517564461828,0.0363453548052477,0.89260171797855,0,0.000119864976644577,0.00751113428588404,0.000706526477629013,0.0475112803425332,0.00701297544294918
01-Oct-2012,8.06289896089682e-05,0.000348473291219663,0,0.00101898949579503,0.00528836764689096,0.063360600876361,0.856400447375151,0,0.000385507356567879,0.0105722649364951,0.00149960167165873,0.0522706685660559,0.00877444979419597
01-Nov-2012,7.12260010311842e-05,0.000383912492393368,3.74448811000907e-05,0.00122416196279708,0.010050659400087,0.0997889935929216,0.813404502390822,0,0.000269193299450901,0.0134147683738131,0.00166604105616044,0.0512813235453967,0.00840777300402635
01-Dec-2012,0.000141834284934385,0.000344257217050075,0,0.000900226684431257,0.0099045378115054,0.141453464259942,0.775546122169487,0,0.000296846892671098,0.0167897855834799,0.00148398501218518,0.0450983379224277,0.00804060216188597
01-Jan-2013,0.000133173319829129,0.000376439187634304,0.000107934827764738,0.00136243921668298,0.00949190030093155,0.127173808071908,0.791961638644148,0,0.000331956955585806,0.0138495431923858,0.00222617412909747,0.0470594140452279,0.00592557810880468
01-Feb-2013,0.000108781062002057,0.000352806946102154,3.52661184877635e-05,0.00145885391487919,0.0113651578844487,0.105330596896682,0.81203210402307,0,0.000265002004021139,0.0122434164996089,0.00242617533750232,0.0479581421486486,0.00642369716454725
01-Mar-2013,0.000142614970998569,0.000435071289561708,6.23391283161557e-05,0.00144836383966551,0.0103704125098751,0.119367619373183,0.790495522953449,0,0.000341611703365998,0.0150389851772983,0.00281737581004716,0.0526896153590752,0.00679046788516453
01-Apr-2013,0.000134389158987364,0.000419361300698551,1.05406689476301e-05,0.000604017039496537,0.00898560563102043,0.0840342682985934,0.827346326599771,0,0.000158984053198501,0.0112321315864808,0.00242207266840656,0.0570395277218142,0.00761277527258493
01-May-2013,0,4.07654082385378e-05,0.000130767917990858,0.000295999345362123,0.00894533794472438,0.0319122250145597,0.904470406689139,0,9.71484129218087e-05,0.00524218990324183,0.000715873906839022,0.0402437080735803,0.00790557738340215
01-Jun-2013,0,0,0.000151910084732845,0.000201742561182712,0.00972364069348514,0.0254045054139793,0.915973530476799,0,4.94158331507531e-05,0.0049505072331796,0.000645952143691786,0.0335165310689745,0.00938226449082488
01-Jul-2013,0,0,0.000143516484888578,0.000121656721786529,0.0109467249195789,0.027696063538166,0.920423358800934,0,3.42359773876312e-05,0.00801816659823438,0.000485281248462699,0.0284583358133058,0.00367265989725582
01-Aug-2013,0,0,5.74826268349241e-05,0.000264559710541245,0.00789815834798261,0.0184069565586024,0.92485185333317,0,3.43179861701039e-05,0.00714646828179054,0.00021726313303279,0.0361686340419535,0.00495430597992171
01-Sep-2013,0,0.000134117740005663,2.57770756752134e-05,0.000166885725321399,0.00598736704635626,0.0234425510915186,0.921145001542729,0,0.000103557157252412,0.00583583855890604,0.000390407276737654,0.0364346460863777,0.00633385069911998
01-Oct-2013,9.99127488345214e-05,0.000320365394650046,3.59900761930803e-05,0.0002181338822001,0.00355964533862919,0.053221683005067,0.877792101755154,0,0.000328491512185183,0.00797889693532027,0.00109935358361425,0.0468021695223787,0.00854325624577333
01-Nov-2013,0.0105023957549704,0.000334950269907969,6.6689633921054e-05,0.000387499650377106,0.00389638182735768,0.0755616475944619,0.837634583474207,0,0.000242281539787818,0.00760481260027368,0.00147472769176171,0.0530235374321571,0.0092704925308168
01-Dec-2013,0.00230352272398588,0.000373020704731553,0.000208771858599619,0.000475215219122156,0.00683775939066964,0.106108752613822,0.790814255149557,0,0.000555771426856827,0.0111615810632547,0.00251008954582759,0.0683833831923929,0.0102678771111799
01-Jan-2014,0.000122902264543069,0.00145766157488317,5.38434070905772e-05,0.00130536777488748,0.00949247212512751,0.13213236390663,0.769969393934083,0,0.000611363760360546,0.0138344205455705,0.00224958960273844,0.0556304188751605,0.0131402022289258
01-Feb-2014,0.000135254799793547,0.00218693922091992,3.1320523915326e-05,0.000790391340705988,0.00783288905481807,0.0991319513680397,0.803533611737887,0,0.00061059439284679,0.00929714692138487,0.00228558017243295,0.0608303787366416,0.0133339417306148
01-Mar-2014,7.82109124964095e-05,0.00137305962576888,2.66899718366355e-05,0.00034559197985733,0.00833098091993667,0.0940128032724402,0.808193012023606,0,0.000475456618943049,0.00881555827241469,0.00206710346244092,0.0614855287769417,0.0147960041633169
01-Apr-2014,5.16504276939415e-05,0.00101086400100829,8.75292988376435e-05,0.00022646289063315,0.0103071760748918,0.063083840587362,0.840648908936593,0,0.000362102063653457,0.00679524992676356,0.00160338793785751,0.0595059124630823,0.0163169153916237
01-May-2014,1.06511224231834e-05,0.00204394352131701,3.4530251726772e-06,0.000289195153019144,0.00284903781436384,0.0441353652110799,0.894968249313283,0,0.000151864390678938,0.00438206932603937,0.000659270119535623,0.0377370985376359,0.0127698024654517
01-Jun-2014,0,0,1.01576849190747e-05,0.00034327247641941,0.00497735825921403,0.0214363200624528,0.919171477227485,0,0.000111683998363956,0.00362940146448043,0.000439256703067649,0.0407506778464876,0.00913039427710978
01-Jul-2014,0,0,6.7149733273158e-06,9.24979223880877e-05,0.00592170446335006,0.0186054872907896,0.935532004911719,0,3.97553147239095e-05,0.00433401416536987,0.000316405534243821,0.0299185469559418,0.00523286846814646
01-Aug-2014,0,0,2.93891672680891e-05,9.31113884622388e-05,0.00590430746405801,0.020124634377421,0.916917801944336,0,6.83554014817495e-05,0.00523653550517086,0.000311355198380306,0.0423032206314513,0.00901128892196998
01-Sep-2014,0,0.000818633066449458,6.47679934749952e-05,0.000198260234310551,0.00557606237688375,0.0273484195068264,0.907728978048458,0,0.00013694724988494,0.00469933145360075,0.000482215434006619,0.0426013356749917,0.0103450489611123
01-Oct-2014,0,0.000560284895976193,6.70340857685802e-05,0.000369354477555734,0.00539742704566181,0.0625155659507532,0.855129383209943,0,0.000271328442396634,0.0063260023860863,0.00148847114966737,0.0537012744996501,0.0141738738565406
01-Nov-2014,0.00167458498886184,0.00173384056991658,3.0741203262451e-06,0.000240523150799471,0.00648004682402198,0.0836479152545595,0.822597166917625,0,0.000312000271917413,0.00755187481697513,0.00184543572599857,0.0604136526522752,0.013499884706723
01-Dec-2014,0.00334522923924149,0.000946309357768828,2.06067105338376e-05,0.000233572011082901,0.00805441181558729,0.0985078679437863,0.799745007847891,0,0.00038342834525648,0.00881092853620907,0.00225450155129426,0.0638332036433578,0.013864932997991
01-Jan-2015,0,0.000271571507980809,9.05790760014356e-05,0.000643982196575766,0.0126942410210158,0.105754145774217,0.786820645881988,0,0.000331149310112775,0.00952351545037434,0.00238255241677825,0.0667078334587495,0.0147797839062063
01-Feb-2015,0,0.000254194041049536,3.09699606312172e-06,0.000774718957969112,0.00674146707208841,0.0937823719387775,0.810126289937187,0,0.00019252221795376,0.00722942884731743,0.00210364613183088,0.0638098289351729,0.0149824349245898
01-Mar-2015,0,0.000229369535294262,1.23986866916272e-05,0.000915436367398476,0.00760186510133473,0.11862475362802,0.753612327553185,0,0.000269152253388724,0.00976507609980792,0.00255311165583634,0.0872694825066991,0.0191470266123437
01-Apr-2015,0,0.000219908971698416,0,0.00100122995336483,0.00756386758481488,0.0868399830371003,0.780331122905384,0,0.000174099311162833,0.0132080636642123,0.00241941539697299,0.0871887937732989,0.0210535154019904
01-May-2015,0,0.000108463147298018,6.74121601945012e-05,0.000840377680484404,0.0110142686892416,0.0420373930221841,0.862522396935611,0,8.73046166698064e-05,0.0122550213590902,0.000848248720954875,0.0547998397133353,0.0154192739549363
01-Jun-2015,0,0,5.9048075497061e-05,0.00138816835530072,0.0152063482980926,0.0443771257939604,0.846628874701501,0,6.10391935762875e-05,0.0126353089179714,0.000648402706308108,0.0579487171870881,0.0210469667707037
01-Jul-2015,0.000659727257313007,0,6.07611706011338e-05,0.00105793964553626,0.0105013893903197,0.0416318007884865,0.872227813156801,0,1.28475111967572e-05,0.0114771049641967,0.00107456583649677,0.0520088413851407,0.00928720889391181
01-Aug-2015,0,0.00016572494704902,5.08405286276757e-06,0.000257718480690242,0.00685418854184748,0.0330391095825227,0.878691653142391,0,8.81488767499749e-05,0.0109475593226448,0.000689116807063039,0.0572211414394256,0.0120405548067538
01-Sep-2015,0,0.00126579873360089,6.42800411951703e-05,0.000741416441984293,0.00682282002096736,0.0308596645133613,0.886134693204219,0,9.96713739925111e-05,0.00813107342986906,0.000419579174368475,0.0504134611642121,0.0150475419022294
01-Oct-2015,0,0.00254384529165337,4.15555596426563e-06,0.000851764926227759,0.00718102812473661,0.0765529903926523,0.80476507141172,0,0.00024251080328774,0.0107953591048703,0.00201528958461046,0.0756763955026779,0.0193715893015993
01-Nov-2015,0,0.000905715810166713,0,0.00109147090343068,0.00927160413437335,0.0832151247558091,0.791727319540933,0,0.000193451389223807,0.0189015683543644,0.00231267847247843,0.0737355682079469,0.0186454984312731
01-Dec-2015,0,0.00455181165242745,6.31776973634071e-05,0.000682287699834567,0.0117978744508072,0.110273475192654,0.751071867784397,0,0.00033307114414307,0.0156120262424439,0.00282096276650171,0.0853269808350717,0.0174664645343562
01-Jan-2016,0,0.000859416155748557,4.90124707130274e-05,0.000568539526731373,0.0104384498800348,0.148787949192043,0.752765263320147,0,0.00122832772242573,0.0116643712557052,0.00205923604858674,0.0595912844035331,0.0119881500243314
01-Feb-2016,0,0.000394681283912312,5.13269526826959e-05,0.000683092400695404,0.0108283173677603,0.128993569620689,0.741259558665247,0,0.00127895058904337,0.0116936764328042,0.00205849955351542,0.0837460224288019,0.0190123047048491
01-Mar-2016,0,0.000337059871643149,4.13184488438433e-05,0.00112009997962795,0.0111564642642296,0.129275929356084,0.731421391251252,0,0.00144501510521292,0.0131225235101614,0.0024955726408415,0.0902618987969636,0.0193227267751399
01-Apr-2016,0,5.55916814163172e-05,4.15696724876479e-06,0.00334408367805484,0.00721897691534748,0.0824207480398452,0.796196035791943,0,0.000907087480252854,0.00923885971037975,0.00157080624359108,0.0804981196651478,0.0185455338267729
01-May-2016,0,0.000505921804317426,0.000115515133891997,0.00162939556025169,0.0075835685400096,0.0574126307103667,0.825430199263405,0,0.000341947784406657,0.00954672237890694,0.000485982512922487,0.0760526354649926,0.020895480846529
01-Jun-2016,0,0,4.84198727255943e-05,0.00107902174084405,0.00632049303796372,0.0378071680843822,0.865594958316217,0,0.000209310892600413,0.00622070902164475,0.000271608987552774,0.0671473090715956,0.0153010009744734
01-Jul-2016,0,0,9.10498544531739e-05,0.000588928893096698,0.00618837677213633,0.027163226273502,0.919464286526703,0,9.37480655844923e-05,0.00631818633101603,0.000187742318316003,0.0302400535419624,0.00966440142322956
01-Aug-2016,0,0.000289723121096138,2.02314992149541e-05,0.000531362041363236,0.00377669750146219,0.0187190352794468,0.917015852389532,0,0.000139741615638945,0.00531137246927515,0.000137216872163115,0.044764960004272,0.00929380720653518
01-Sep-2016,0,0.000726602616920215,2.43997470597707e-05,0.000710618788302596,0.00443920188430836,0.0248707471522677,0.900256284399373,0,0.000185729417917657,0.00546744225560543,0.000279426527629058,0.0491898553891329,0.0138496918214833
01-Oct-2016,0,0.00536163280097944,2.7775087103533e-05,0.00247243569034022,0.00646967606577661,0.0666743345764699,0.832420512030491,0,0.000823502928025423,0.00697004986409645,0.00132763073894715,0.0634523323494514,0.0140001178683188
01-Nov-2016,0,0.007719473272027,0.000108597484558086,0.00309616429583909,0.00938095105972554,0.0816080380724411,0.808687051784628,0,0.000958522765221836,0.00727860821397294,0.00151994917920334,0.0662664926247554,0.0133761512476276
01-Dec-2016,0,0.000340474742207371,0.000255826001089217,0.00375167410973527,0.0119023544690967,0.105175032835858,0.765979117128153,0,0.00115120068738642,0.00804787185573458,0.00182742298768867,0.0842026202564513,0.0173664049265998
01-Jan-2017,0.00400014104561408,0.000282965530965539,0.000103373449153169,0.00262007978463093,0.0109783374444315,0.0966345288599159,0.774410976254547,0,0.00103386306547342,0.00768355947186068,0.00203454762528269,0.0861548268763125,0.014062800591813
01-Feb-2017,0.00961921247217806,0.000209050937947365,0.000111815900843275,0.00328478605960509,0.0111618122259825,0.100196474942972,0.758961296744139,0,0.00106391995205355,0.00731783686650036,0.0017619348853028,0.0898569151001613,0.0164549439123141
01-Mar-2017,0,0.000366601537451826,9.96846713038651e-05,0.00178993352361261,0.00881515749274428,0.0858787381658749,0.768108208098703,0,0.0011419102272495,0.00671900065233071,0.00159410142607237,0.106715839303368,0.0187708249012887
01-Apr-2017,0,0.000240117591653539,8.10286927878471e-05,0.00235408325700016,0.00856977375788484,0.0724754930807598,0.773885997027006,0,0.000975019616291575,0.00625886182612397,0.00142105306846149,0.113161461984102,0.0205771100979287
01-May-2017,0,0.000213581165223761,4.92675980191608e-05,0.00102431666601396,0.00161163872505365,0.0364943318551736,0.864693815343154,0,0.000463916121978102,0.00398454762885313,0.00069945282441531,0.0749534195695285,0.0158117125025872
01-Jun-2017,0,0,4.86094782134263e-05,0.000508888032490559,0.0055609081850693,0.0256641519356553,0.878836089171992,0,0.000301491622749941,0.00610045928601,0.000163603542345189,0.0665163877373724,0.016299411008102
01-Jul-2017,0,0,9.32987710124896e-05,0.000416153189111028,0.00214761790786911,0.0323154141229296,0.873184269924463,0,0.000313758837839917,0.00765507464249811,0.000142733194459406,0.0743901316733888,0.00934154773642892
01-Aug-2017,0,0.000472867180305795,3.00532167335309e-05,0.000293925319004897,0.00334117758423714,0.0299370034862367,0.882266144043221,0,0.000114381645776871,0.00770116482268439,0.000120689457124861,0.0653212646442942,0.0104013286003803
01-Sep-2017,0,0.000364014727044488,5.91735896544562e-05,0.000921616392369471,0.00458795509080568,0.0320015875714752,0.858962895170186,0,0.000383696078853937,0.0050362023923374,0.000371763228933569,0.0823859267092562,0.0149251690490834
01-Oct-2017,0,0.00266902052403153,3.24323828222688e-06,0.00195856094116051,0.00490617240653257,0.0616523139227211,0.800282519293541,0,0.000827025761967854,0.00784130305194789,0.00112530687084968,0.101497545430136,0.0172369885588299
01-Nov-2017,0,0.00104023034936686,5.03361500849196e-05,0.00168489932229214,0.0114886862701982,0.0737081824587711,0.766252335718274,0,0.0010031230904672,0.0079610471699139,0.00149296927241144,0.117747305210928,0.0175708849872922
01-Dec-2017,0,0.000205359827352537,2.02498652363913e-05,0.0031278401915695,0.0202293551116929,0.0955839982132835,0.735417722372094,0,0.0012930697527815,0.00864921109589384,0.00176581847229277,0.115300146852325,0.0184072282454778
01-Jan-2018,0,0.00033953571738442,4.4348278744456e-05,0.00222853410263932,0.0142258411780731,0.120454404025457,0.763955667492474,0,0.00100335222681798,0.00527075983304819,0.00142884196883164,0.0794960547550591,0.01155266042147
01-Feb-2018,0,0.0006744548825667,4.80033962904403e-06,0.0026687679225964,0.0280516443846404,0.0919192197987462,0.771138021507255,0,0.00131949634081932,0.00800270351306742,0.00155174560851855,0.079599661609969,0.0150694840921915
01-Mar-2018,0,0.000242357910832168,4.13643265379949e-06,0.00169796959066756,0.0100464585594334,0.0798094223235549,0.802061339970646,0,0.00102680252368819,0.0052356278937459,0.00154785927283185,0.0816323955263983,0.0166956299955476
01-Apr-2018,0,0.000143540035854417,2.22071637982896e-05,0.00190610261675297,0.00325217714479507,0.0784747400042591,0.81821116525177,0,0.000756504405234714,0.0038750027715989,0.00105544793912966,0.0756341135318453,0.0166689991349616
01-May-2018,0,4.13627864918902e-05,1.07581781636516e-05,0.00090891440555096,0.000951429726552588,0.0337144176201017,0.868169366851634,0,0.000277518178002654,0.00424840990915345,0.000445474213214288,0.0707963055752498,0.0204360425558845
01-Jun-2018,0,0,3.03284142260515e-05,0.000256232348714128,0.00293447945120424,0.0275897030959736,0.884201403437728,0,0.000202357081099194,0.00472680658203038,0.000145380234362192,0.0618156454732775,0.0180976638813843
01-Jul-2018,0,4.7603197632692e-05,2.78578495463056e-05,0.000231948551612192,0.000212306380746347,0.022646013946277,0.896976595134536,0,0.000162311627539005,0.00296589080281675,0.000167632184210232,0.0620977491686064,0.0144640911564768
01-Aug-2018,0,0,3.146499881775e-05,0.000170218385734558,0.000330588838777174,0.0234866933011501,0.89026659933451,0,0.000108868042042419,0.00314750317549578,0.000159288888180496,0.0622938667231737,0.0200049083121177
01-Sep-2018,0,0,3.24956162847788e-06,0.000759168731094847,0.000171450751592079,0.0299594061851315,0.872845995336443,0,0.000296825629347532,0.00414542211862138,0.000381799240886237,0.0709469838547066,0.0204896985905487
01-Oct-2018,0,6.46484677227979e-05,5.25961462401906e-05,0.00206611885094368,0.00339222824135373,0.0495741690089807,0.828817137606896,0,0.000832118134546299,0.00428111388755757,0.00139345154428796,0.0862378235188263,0.0232885945926452
01-Nov-2018,0,5.30365476830808e-05,3.83797022044183e-05,0.00175661287424465,0.0064695830218096,0.0570786240876505,0.829091693085289,0,0.00106578459935818,0.00511914578203878,0.00154225300848302,0.0779999025779314,0.0197849847133073
01-Dec-2018,0,0.000160870840267089,4.7984327602421e-05,0.00140714902767426,0.0104878448284352,0.0878335477415797,0.775846497451646,0,0.00135053733547665,0.00613443421317253,0.00145675803192989,0.0945636083098171,0.0207107678923989
01-Jan-2019,0,8.73159219384514e-05,3.98392107512759e-05,0.00181219408230676,0.0101150082366137,0.0859005838746857,0.801930058023938,0,0.000943455936199369,0.00497357530007958,0.00171805770510591,0.0781854971814744,0.0142944145269064
01-Feb-2019,0,0.000172303390035769,3.5880311498746e-05,0.00375627589409136,0.0125992796940646,0.0832181752761363,0.770862608743755,0,0.00108557821696455,0.0038117597407735,0.00241921904884082,0.0994673313788371,0.0225715883050022
01-Mar-2019,0,5.19809443357132e-05,5.65377154300776e-05,0.000151865999609056,0.00828935907121177,0.0865839599938141,0.760607546484432,0,0.000954865053975332,0.00378103882999572,0.0017904313091607,0.114888646024788,0.0228437685732482
01-Apr-2019,0,4.49281431942445e-05,0,0.00263598497279684,0.00378723998899681,0.0534281199995175,0.811212582218192,0,0.00081833403675231,0.003387862797741,0.000926900831754219,0.104973498651454,0.0187845483596018
01-May-2019,0,2.5585241171547e-05,1.35048147990571e-05,0.00117073082720715,0.000384540083084263,0.0476249197552527,0.810916985009828,0,0.000475915944411217,0.00546105147695205,0.000651489734821181,0.104443505338486,0.028831771773987
01-Jun-2019,0,0,3.29619105444906e-05,0.000479472806218814,0.00472706595128935,0.0413965518725768,0.800463516617682,0,0.000250904095189406,0.00634797200205479,0.000209775502330907,0.117911805570645,0.028179973671469
01-Jul-2019,0,0,9.52350479309023e-05,0.000314844225622311,0.000346944596255738,0.0394083575950491,0.824324858356744,0,0.000186265065760378,0.00436633150257082,0.00038973521947096,0.117461593305746,0.0131058350848493
01-Aug-2019,0,2.66691397002243e-06,0.000122312929398945,0.000556731519982112,0.000305967525856392,0.0328593433484208,0.82717505063459,0,0.000157422005174935,0.00553912475502887,0.000263595871858467,0.110363937769171,0.0226538467265488
01-Sep-2019,6.68728496183974e-05,4.9419231976059e-06,1.97088603714045e-05,0.00122712169319918,0.00125650113244685,0.0404029676533158,0.819915556309144,0,0.000381307615767658,0.00312411176070082,0.000688964396975758,0.105396317592116,0.0275156282131464
01-Oct-2019,0,1.97370273717677e-05,0.000108624139928193,0.00363271737007964,0.00448761261281106,0.0606515561629861,0.745338763224528,0,0.00106450717271183,0.00417617876840738,0.00219644918894387,0.142863183125979,0.0354606712062535
01-Nov-2019,0,5.6429347930544e-05,4.98680621423537e-05,0.00255747965462743,0.0067618267744099,0.0691588148976601,0.759958397707521,0,0.00113228937118479,0.00598422471088514,0.000611499239622743,0.12402795853572,0.0297012116982962
01-Dec-2019,0,0.000199996662470662,0.000115367972707088,0.00187405461027064,0.0123134637315257,0.107445528385634,0.693714188655653,0,0.00136604863205408,0.00973542427066215,0.000983146858624915,0.146126175402898,0.0261266048175004
01-Jan-2020,0,3.11974058418775e-05,0.000152248618264989,0.00262488981522423,0.014143190492528,0.123840018119516,0.661024784740954,0,0.00184220583760053,0.00460348656714912,0.00106841585725631,0.164495701386954,0.0261738611587112
01-Feb-2020,0,3.09048655671435e-05,2.56774056671455e-05,0.00282962455486205,0.0149915041896034,0.119110714230682,0.662247821911509,0,0.00170045744694216,0.00528578976779707,0.000872073680531187,0.162306242480592,0.0305991894662462
01-Mar-2020,0,2.77020766970154e-05,0,0.00248362309053837,0.00900160844005013,0.10965438337898,0.682269523727571,0,0.00159981848544031,0.00407909545935402,0.00061135373853541,0.16059266049025,0.029680231112584
01-Apr-2020,0,4.66594959432808e-05,1.13928069540809e-05,0.00232263058189479,0.00623710836230642,0.094405729636465,0.693168699224197,0,0.00132009191025147,0.00301254722988022,0.000430503567253648,0.169113182688061,0.0299314544967932
01-May-2020,0,4.17778132341965e-05,1.82868912458047e-05,0.000879969452460847,0.000630973564278958,0.0661116911580251,0.738197901956188,0,0.000835192346450183,0.00359341961957983,0.000225674794702579,0.159624545073019,0.0298405673308157
01-Jun-2020,0,0,0.000140472340447707,0.000868221159373254,0.00378707109655191,0.0413380046640889,0.805164559943654,0,0.000160131783292108,0.00565531068475374,0,0.11722892344025,0.0256573048875882
01-Jul-2020,0,0,3.5027601575775e-05,0.00115028203841402,0,0.046807261999036,0.771468896239147,0,0.00017775200799647,0.00629430316315972,0,0.152138989244226,0.0219274877064446
01-Aug-2020,0,0,5.69039428180489e-05,0.000794295997843312,0,0.0328514577542132,0.825553708746322,0,0.000114303317974066,0.0048762927864509,0,0.105903380643897,0.0298496568104807
01-Sep-2020,0,1.2411364163268e-05,5.71127334436096e-06,0.00181889848870274,0,0.0454411070427649,0.783672087803537,0,0.000473382158791311,0.0053533810885953,3.49495831520596e-05,0.123015144978486,0.0401729262184635
01-Oct-2020,0,0.000119647196648278,1.00809383493896e-05,0.00198852778181977,0.0012841159454159,0.056214873164668,0.750013851259446,0,0.00109987551244833,0.00569915317259092,5.55203918048471e-05,0.147563622018156,0.035950732618653
01-Nov-2020,0,3.44244880449634e-05,2.94188864669968e-05,0.00234499749167402,0.0051788461316056,0.0857477113819991,0.709584090443785,0,0.00125652308616501,0.00865273850546841,9.60138782206463e-05,0.151786330032382,0.0352889056741877
01-Dec-2020,0,0.000465343026221839,8.35960498628894e-06,0.00238135409156062,0.00868893599168162,0.110899185189302,0.673137072322349,0,0.00149537113075631,0.00722569319352187,6.65025292192837e-05,0.146057479487682,0.0495747034327196
01-Jan-2021,0,0.000203461065825129,1.511966660413e-05,0.00251592004514943,0.00417954410771294,0.118110886344814,0.671851459235037,0,0.00209080165801888,0.00731896234472796,0.00193373765866851,0.141789751080209,0.0499903567932343
01-Feb-2021,0,0.00047153665525601,5.40975272297135e-05,0.00279338560646279,0.00289017096568027,0.13868022219204,0.654633715620603,0,0.00203605867409345,0.0101700755894713,0.00215178970249532,0.144116658414583,0.042002289052085
01-Mar-2021,0,0.000282107698150219,9.6711091772742e-05,0.00253647692785256,0.00347462263301918,0.116375151168518,0.645956056130242,0,0.00250089590677497,0.0062969746612537,0.00224593467528056,0.181718938566706,0.0385161305404296
01-Apr-2021,0,8.33490749803069e-05,0,0.00192310626126437,0.000716227186433066,0.0796213932981034,0.699325958575974,0,0.00188851229671995,0.00560393914113276,0.00226184669506924,0.171722498638095,0.0368531688322282
01-May-2021,0,0.000190313890519714,0.000148746768344106,0.00124198997513954,2.15605964448259e-05,0.0558636619341286,0.728465950840064,0,0.00102821986345787,0.00479862027211129,0.00152465437552708,0.13422417676121,0.0724921047230532
01-Jun-2021,0,0,5.26800356599286e-05,0.000561177792805226,0,0.0380754640491591,0.747374781863082,0,0.000710408772760618,0.0046377651294245,0.000630413163054801,0.109464687697009,0.0984926214970452
01-Jul-2021,0,0,1.18365015211671e-05,0.000267395991453928,0,0.0359897956401513,0.778558254048893,0,0.000287815428779623,0.00396001641563763,0.000114080908317816,0.10798628779576,0.0728245172694852
01-Aug-2021,0,0,0.0001159382350478,0.00103193015752936,0,0.0677436913105668,0.646574181557812,0,0.00127097234708926,0.00649992873104093,0.000171910712473288,0.156920826010009,0.119670620938432
01-Sep-2021,0,4.24354171385771e-05,4.30262250043079e-05,0.00114743021836115,0.000149178986097026,0.0397226671672607,0.818557929660595,0,0.00105350033014279,0.00723819908328068,0.000175091048469023,0.101389479705674,0.0304810621579772
01-Oct-2021,NaN,NaN,NaN,NaN,NaN,NaN,NaN,NaN,NaN,NaN,NaN,NaN,NaN
01-Nov-2021,NaN,NaN,NaN,NaN,NaN,NaN,NaN,NaN,NaN,NaN,NaN,NaN,NaN
01-Dec-2021,NaN,NaN,NaN,NaN,NaN,NaN,NaN,NaN,NaN,NaN,NaN,NaN,NaN
